review,source,Sentiment
locat room small move storag place kettl,0,NEG
close vf shivaji stadium also situat less crowd area secur good good good staff receptionist friendli help room clean bathroom smell bad also provid util clean provid water bottl everi day buy coffe creamer sugar packet provid everi day request room clean entir stay three day although televis singl english channel receptionist girl friendli cold person worth money spent,0,NEG
architectur hotel somewhat appeal servic letdown slow ineffici room stay rel small lack necessari amen nois level street also bothersom night furthermor breakfast par limit option food quit tasteless recommend hotel anyon due substandard servic lack basic facil,1,NEG
super uncomfort bed restaur loud enough wake,0,NEG
numa arc room apart deliv home like feel guest room spaciou clean equip modern amen add overal comfort stay locat quit central allow easi access tourist spot local attract check process could bit smoother howev staff apologet effici resolv problem,1,POS
hostel central share space vintag charm cleanli lack particularli share bathroom bedroom cramp minim privaci nois street disrupt sleep,1,NEG
room incred breakfast definit worth tri staff profession great room servic,0,POS
near want room put terribl almost left day earlier would never stay absolut would let know put,0,NEG
locat summari sure star hotel low mid star hotel want star hotel clean fresh room good restaur kind decent servic definit stay come back sofitel hotel,0,NEG
room clean smell nice citi vieuw turn look wall straight next door pay extra well swim pool close complet sauna empti steambad pay amount money think could expect littl comfort use sauna free charg front desk feel welcom never experi,0,NEG
locat pretti central great busi travel firstli bed realli uncomfort hard rock result poor night sleep bathroom clean shower bare function lastli hotel staff seriou commun problem staff could speak even basic english made difficult address queri,1,NEG
checkin staff aircon far airport,0,NEG
fantast stay novotel beij peac room spaciou clean staff super friendli help locat superb heart citi make access major attract breez particularli enjoy breakfast broad select cater tast small issu would limit english channel tv honestli much see beij bare turn,1,POS
good locat park impolit staff even put disturb come room clean excus small room accept usd,0,NEG
locat good easi reach metro bed confort room good air condit everyth clean food breakfast restaur bit overpr water pool durti,0,POS
locat lift broke hotel differ locat book,0,NEG
central locat easi access public transport hotel seriou issu hygien found stain bedsheet upon arriv room servic slow call multipl time get towel breakfast subpar limit varieti also wifi incred slow inconsist made difficult work even brows,1,NEG
lot thing miss answer receiv lot peopl wait much peopl breakfast towel old bad state,0,NEG
clean quiet room,0,POS
excel room servic comfort bed locat bit far citi center,1,POS
hotel avenida gran v ideal locat heart madrid step away bustl gran v street room well appoint comfort staff friendli help also particularli enjoy wonder breakfast spread everi morn elev bit slow sometim crowd,1,POS
cockroach room,0,NEG
cleanli alway standard frequent stay hotel love everyth locat food kind staff,0,POS
valu money accommod,0,POS
room clean silent travel also calm staff gener nice could leav luggag pm sinc train go late receiv one towel get replac day,0,POS
locat close sacr coeur attract highlight pari gare du nord allow fast connect airport hotel request addit cost room safeti deposit euro stay mani hotel around world never experienc practic case receiv deposit back left hotel room good condit furthermor amount credit second time card assum mistak inform hotel accordingli gave evid hotel pay back doubl paid deposit unprofession disappoint manner treat custom,0,NEG
locat locat none,0,POS
front desk help reserv team aw reserv messag airport taxi repli reserv involv book com custom servic team sort thing final stay hotel book com inform properti report show reserv ridicul involv custom servic team resolv issu still pend,0,NEG
hotel right place citi,0,POS
good thing receptionist realli help kind even angri annoy write review sorrow ppl tri best keep outdat overpr leviathan afloat also ppl speak english reliev call great travel stay mani hotel differ price rang uae egypt turkey russia germani taiwan worst experi hope never life believ hotel two option view realli hope spend nice staycat nice hotel room view got view pruitt igo style green ghetto huge disappoint shi ask chang never ask like know take leav attitud horribl sound isol hallway awaken everi morn ppl leav room hotel feel old poorli maintain dirti mirror bathroom toothbrush splash dusti oili fingerprint vaniti mirror light could handi whole light room bit dim strang work let put way shower cabin drainag hot water sink cheap plastic shower head shower cabin c mon guy five star piec properti world renown brand none air bnb thing bath sink grohe shower someth unpleas tini shower gel shampoo sampl super gener noth fanci feel like hotel want save money never ask enough everyth one ask thing comfort toilet flush properli take note grab pen nearbi phone broken guy prefer save pen rather keep reput brand tv old small buffet good much varieti european,0,NEG
room clean locat good close walk old town attract unfortun place second floor level breakfast room realli ruin stay shame hotel clean check staff friendli howev nois absolut dread woken everi morn clatter plate slam door clink glass peopl run staff shout accross corridor would loud actual sleep dine room went hour nois replac housekeep even opportun nap later afternoon sadli would stop return cheaper hotel closer get good night sleep,0,NEG
locat ibi budget berlin potsdam platz real perk close major transport hub within walkabl distanc mani berlin top attract unfortun posit aspect end servic establish left much desir particularli front desk custom assist mediocr best room basic expect budget accommod howev particularli clean simpli non negoti regardless price point lack daili housekeep make stay less comfort day went basic amen toiletri hairdryer provid,1,NEG
hotel spaciou room great view citi despit impress exterior lobbi room outdat well maintain also staff member adept commun english made stay quit challeng lastli close citi center would like,1,NEG
staff good rama kant help expens half price get hotel facil bathroom give shampoo condition shower gel pl bring also place place shower know may wifi internet poor qualiti use breakfast poor provid egg bread mainli breakfast mental readi serious underhand three person everyth need anyth may provid time breakfast person also work hous keep recept three peopl work hard realli difficult keep thing hot weather come shower water reamin hot day difficult take shower also though close connaught place walk min transport outsid hotel distant residenti zone taxi avail car uber ok expens night,0,NEG
nh collect roma centro perfectli situat heart rome close mani attract yet maintain tranquil relax atmospher staff incred warm welcom will assist queri room spaciou meticul clean provid necessari amen ensur comfort stay especi notabl mention go breakfast vari select high qualiti food set us perfectli busi day explor rome though often street nois seem carri room enough disturb good night sleep,1,POS
central apart offer fantast locat bucharest comfort clean accommod well help friendli staff,1,POS
locat great total souless real hotel place sleep,0,NEG
locat hotel perfect need made easi us travel around pari thing want everi time came back hotel staff friendli help realli enjoy stay,0,POS
friendli polit english speak staff great breakfast fantast locat near subway station larg bathroom great view also realli high pressur shower larg bathtub great swim pool sauna steam room room littl cold even put c heat pleas add bean breakfast,0,POS
gener madrid excel choic hotel extrem clean well maintain staff welcom friendli alway readi provid support need love hot strong shower comfi bed welcom long day sightse,1,POS
great citi view upper floor hotel seem rather outdat room stay sever issu relat plumb check process longer expect,1,NEG
locat pretti central staff help room small decor date also air condit made summer night uncomfort breakfast provid disappoint limit choic,1,NEG
deni central hotel avenida gran v step away major attract shop street room charm european feel kept spotlessli clean stay staff polit effici seem genuin commit ensur guest comfort wifi signal strong time howev major issu locat servic believ small drawback,1,POS
hotel excel place stay clean comfort room fantast onsit amen even entertain offer could improv,1,POS
g venay busi hotel ankara provid wonder experi found staff except friendli room clean comfort locat busi district also quit conveni would highli recommend hotel,1,POS
air condit room work,0,NEG
bed filthi dusti bathroom towel old grey air condit work definit four star hotel like,0,NEG
everyth secur staff housekeep alway big smile help hotel locat center c minut walk white hous washington monument noth,0,POS
small uniqu place next old town perfect coupl famili look place sleep small breakfast suitabl someon look someth climb stair somewhat difficult task larg heavi suitcas,0,POS
hotel modern design appeal younger guest also conveni locat howev found lack facil quit disappoint nois nearbi train station even corridor virtual constant sleep disrupt room also littl small comfort bathroom facil could use bit updat poor water pressur inconsist hot water suppli wi fi bit spotti drawback travel work,1,NEG
room clean properli dust present furnitur bathroom underwhelm staff attent accommod need request also hotel locat quit far main attract,1,NEG
close airport conveni earli flight room well maintain shower low water pressur air condit weak delhi climat servic staff hospit took long time respond,1,NEG
hotel opera delight stay central locat new delhi offer easi access major tourist site staff courteou attend need promptli room immacul well maintain provid amen one could wish although wi fi connect often unstabl staff quickli address time could also expand breakfast menu provid wider select local cuisin,1,POS
upgrad enough bottl water refriger broken,0,NEG
locat decent within reason walk distanc main tourist attract unfortun posit end room extrem small felt cramp bathroom clean upon arriv housekeep effort throughout stay minim nois outsid unbear time lack sort sound isol bed uncomfort lead sever sleepless night lastli wi fi spotti unreli major inconveni foreign travel staff friendli seem equip handl concern,1,NEG
hotel good posit close centro near green park good want ho male sport price qualiti good balac breakfast variou consid also ti inserti espresso orang juce,0,POS
locat hotel good conveni go anywher surround greeneri provid peac environ hotel infrastructur seem age room servic slow wait long period dinner also food mark consid reput hotel price paid justifi servic receiv need major perform improv,1,NEG
good room locat close center case embassi breakfast menu could better,0,POS
tomi garden aparthotel bucuresti great locat easi access local attract public transport room beauti furnish staff help friendli slight downsid breakfast select littl limit tasti,1,POS
love locat room nice comfort love safe deposit box check inn argentinian ladi easi inform overal kind like scold nestor check leav luggag build fifth floor elev work,0,POS
great central locat modern decor style lack cleanli room unrespons staff uncomfort bed,1,NEG
central locat amaz walk major landmark surround area countless good restaur hotel clean well maintain servic excel fast wifi comfort bed highli effici housekeep team contribut make stay comfort memor much fault room bit smaller expect otherwis everyth els perfect,1,POS
bright clean room love modern design locat hotel unbeat staff courteou attent breakfast absolut delight,1,POS
old stain carpet hallway room dusti old drape rust bathroom floor room outdat wash cloth towel two adult even per day tini bar soap worthi even handwash noth respect room locat ok grill made may stay bearabl receptionist help upon checkin tell anyth avail park specifi websit park per day known would chosen suitabl hotel known would pay park,0,NEG
locat plu point bidet didnt work intern plug work room alloc meant guest,0,NEG
staff friendli help room realli small bathroom need renew,0,NEG
room small fit full size suitcas without block walk way send mani email stay thing buy like tour airport transfer tell book hot tub advanc book stay book hotel go stair get lift staff help suitcas taxi rome unless prevook fyi pay get airport locat anot best part town let say shower head calcium build needless say stay,0,NEG
fantast locat beauti courtyard love room thoroughli enjoy stay host avail connect advanc via wechat allow easi commun support us book museum ticket tricki foreign time demonstr patienc time rooftop terrac love enjoy famili time togeth qualiti bed towel furnish room high standard would come back highli recommend,0,POS
cafe rigg locat definit posit room book ask upon check visit state believ use give sub par room order delux room suppos marbl walk shower addit room standard room room small definit marbl walk shower gross bathtub shower combo top lock rate somehow charg addit money book room overal disappoint would stay mani hotel dc much better qualiti standard pay rigg,0,NEG
central locat posit room small amen also nois hallway loud room breakfast select extrem limit,1,NEG
room clean bed quit comfort bad secur manag super rude staff made mistak check room still someon backpack insid concern secur issu manag supervisor said like sleep front room ensur secur disappoint servic bad mindset treat custom issu,0,NEG
locat decent close main area staff friendli help us whenev need hotel grungi photo onlin look much better person room small date old look run couldnt feel comfort relax room basic pay locat,0,NEG
locat good near myeongdong shop district room small enough space luggag soundproof bad hear nois hallway nearbi room also breakfast lack varieti everi day,1,NEG
locat hotel conveni minut walk gare de lyon station room modern clean comfort breakfast good nice select fresh food although room well soundproof nois street also hotel seem understaf time particularli breakfast,1,POS
locat easi arriv front car,0,POS
ac work properli park addit,0,NEG
nice staff good breakfast room larg clean,1,POS
staff help friendli room damp lack sound insul wi fi inconsist,1,NEG
enjoy look hotel pool area relax hotel stay itali hotel worst valu money staff unhelp wi fi unreli room clean,1,NEG
breakfast includ price like locat close metro station hotel charg twice stay took week sort refund,0,NEG
larg room good facil friendli recept staff dust floor bathroom clean three day,0,POS
locat perfect walk distanc main attract clean modern room staff friendli nois corridor noth enough disturb sleep,1,POS
wonder stay set great locat servic fantast food pure culinari brillianc room pristin comfort unmatch view wifi slightli slow occasion disconnect,1,POS
locat quit good within walk distanc histor site room small air condit work properli staff help expect hotel simpli live standard four star hotel advertis would suggest prospect tourist reconsid book,1,NEG
locat feel,0,POS
spaciou room grand entranc lobbi well locat lead shop mall nice bathroom nice view room room strong smoke smell difficult breath room outdat need thorough steam clean refresh toilet need ventil staff understand english abl help effect,0,NEG
hotel krishna delux overal disappoint experi room dirti damp musti smell bed uncomfort seem unclean also issu continu loud nois could hear room custom servic subpar hard commun make us feel welcom attend need promptli food restaur standard would expect price would recommend hotel travel visit new delhi,1,NEG
good locat outdat room unprofession staff lack qualiti food servic,1,NEG
spectacular hotel wonder warm conscienti staff room spaciou clean comfort fantast view citi restaur serv delici vari menu concierg servic could improv better english languag skill commun slightli challeng time,1,POS
hilton washington dc capitol hill excel locat servic comfort locat within close proxim import dc landmark make conveni stay tourist staff courteou attent go beyond ensur comfort stay room modern clean well equip make sanctuari long day sightse although hotel excel price higher side breakfast option might cater dietari prefer,1,POS
beauti lobbi well locat beij hotel facil well maintain room clean expect carpet dingi outdat smell smoke present hallway restaur boast varieti option qualiti food underwhelm moreov languag barrier evid entir stay mani staff struggl commun english result misunderstand ineffect problem solv,1,NEG
nice staff clean great breakfast,0,POS
room modern well appoint staff friendli effici locat great convent center menu bistro somewhat limit,1,POS
locat everyth concept hyatt,0,NEG
locat perfectli close airport shuttl servic extrem conveni room comfort well maintain room dine option could divers wifi connect bit inconsist time,1,POS
staff speak english,0,NEG
locat central gave twin room even window room carv middl floor fake window hot stuffi ventil saw smoke loung near us ask transfer room credit final gave real room actual window look outsid everi afternoon know insecticid product use clean would strong odor insecticid hallway,0,NEG
locat hotel conveni situat near lott depart store myeongdong shop street view hotel room also fairli nice unfortun experi lott citi hotel myeongdong far ideal room well clean check visibl dust stain furnitur furthermor constant nois come ventil system made difficult sleep well custom servic also sore lack staff attent guest need request handl promptli breakfast buffet lacklust limit varieti option often common item regrett qualiti hotel match price,1,NEG
locat build hotel decid use air condit winter therefor room degre sleep night window open nois light togeth consequ cours lowest temperatur got degre februari room last floor hotel unbeliev whole hotel heat place sinc enter use air condit save money give confort guest car shop metro bu public build air condit hotel summer staff dixit unbeliev even environ balanc sustain st centuri pal,0,NEG
locat hour recept regular chang towel stair receptionist bare speak english cultur cold attitud receptionist robot got alway request expens servic given construct outsid start,0,NEG
locat hotel brilliant room modern clean servic top notch hotel breakfast lacklust could definit use better varieti,1,POS
staff amaz front desk mr azhar june best friendli happi face make feel like home need consid clean,0,POS
great servic one critic point coffe ar breakfast leav room seriou improv,0,POS
great locat easi get see rome book gym spa none,0,NEG
good locat room good size stay man walk room middl night use key card recept gave us extra key could lock insid bare slept happen felt safe,0,NEG
welcom staff good locat comfort room noth think,1,POS
nice room comfi bed well equip gym great staff,0,POS
locat hilton washington dc capitol hill definit sell point close mani tourist attract lobbi area impress price paid experi thoroughli disappoint air condit room work properli made aw nois room servic quit slow problemat order forgotten deliv incorrectli bathroom clean surprisingli hotel calib amen inadequ addit staff front desk courteou expect often seem busi uninterest frequent travel recommend hotel due signific shortcom,1,NEG
staff fantast room spaciou outstand view downsid howev wifi slow heat system littl noisi,1,POS
quit good locat staff friendli noth,0,POS
request room closer consid mention right book week advanc,0,NEG
locat indiffer staff,0,NEG
stylish room friendli staff locat superb sightse trip hotel excel might find area bit noisi,1,POS
proxim templ heaven easi access public transport servic par poor commun skill hotel staff food restaur breakfast quit bland room outdat clean,1,NEG
locat conveni close metro station room incred small bare enough room walk around bed bathroom need good renov deep clean tile crack grout stain nois nearbi bar made difficult good night sleep staff seem uninterest custom servic lack,1,NEG
locat realli good near subway cafe connect bit overpr get regardless central privat room fine bit date bathroom plumb great toilet bit smelli shower back water immedi provid shampoo even would understand room half price paid us dollar night far spent china staff also speak english part one ladi spoke fairli well reason let anoth person check us speak english listen anoth person rant right front us profession would will look past thing cost reflect hostel standard,0,NEG
locat somewhat close templ heaven room clean carpet stain staff help profici english addit breakfast disappoint western standard limit choic,1,NEG
locat excel travel minut metro journey ankara bu station minut walk train station book bed comfort room well heat water hot plenti staff attitud gener poor one member staff smoke restaur breakfast despit larg smoke sign believ law rkiy day breakfast averag excess mould bathroom great big patch around shower cubicl bath,0,NEG
great locat easi access attract excel servic friendli accommod staff complaint found stay,1,POS
conveni locat friendli staff room poorli ventil make stifl night also breakfast quit limit appet lastli nois street bothersom found difficult get good night rest,1,NEG
staff gener help room comfort spaciou good locat close south train station staff need ask multipl time fulfil request breakfast expens good valu money,0,NEG
tasti food good varieti clean facil,0,POS
hotel stood due exquisit interior design world class facil close proxim aeroc provid excel conveni travel staff consist deliv top notch servic make feel genuin care,1,POS
excel staff good locat,0,POS
love modern hotel great locat room spaciou clean daili food site restaur realli good staff friendli help limit park avail would better option,1,POS
everyth great midnight sleep due loud music come restaur besid hotel,0,POS
staff friendli room cramp air condit inadequ super noisi locat due construct work moreov lack cleanli extent also wifi extrem slow breakfast menu limit,1,NEG
green park ankara offer top notch servic comfort bed wonder buffet breakfast central locat quit conveni explor citi wifi bit spotti time room much better common area,1,POS
bed tech clean smell toilet clean enough inform,0,NEG
conveni locat nice staff bathroom disgust finish stay left dorm room zero space uncomfort bed trash bin alway full occupi yard space peopl allerg cat wish let cat loung place one relax place,0,NEG
staff friendli view roof amaz absolut note,0,POS
nice place center citi although hotel locat center nois even plenti restaur nearbi staff super friendli help us everyth definet reccomend friend,0,POS
great locat wifi signal reach room go hallway get internet lousi breakfast,0,NEG
noth much like breakfast ok room extend immedi upon request locat super bad cab avail food servic pm room small courtyard use rather use place larger room breakfast better option rather differ food item everyday,0,NEG
central locat date interior lousi servic plu way overpr get,1,NEG
front desk staff friendli enough upon check room extrem small room even walk around bed addit place store cloth closet dresser noth bathroom layout also odd toilet almost shower elev slow hotel noisi lot guest parti till late night,1,NEG
good locat help friendli staff nice room noth,0,POS
staff realli kind attent room good size bed realli comfort shower realli good room clean mani restaur store around hotel pretti close metro station noth subpar,0,POS
perfect locat metro pari center,0,POS
properti exterior well maintain concierg friendli room date carpet seem old unclean air condit system noisi ineffici room servic meal overpr poor qualiti food cold serv also experienc poor wifi connect throughout stay major inconveni busi meet,1,NEG
love locat hotel neighborhood charm enjoy free amen floor stay conveni like decor hotel shower head need updat look,0,POS
great locat appreci small fan put room get hot without,0,POS
central locat near public transport nois level high nois bar downstair street echo bed quit uncomfort bathroom properli maintain shortag basic suppli like toilet paper,1,NEG
locat insadong excel apart space gener facil date requir overhaul carpet room stain bedspread tear wall mark despit call manag promis get thing fix noth done disappoint qualiti servic overpr consid condit apart,1,NEG
much good restaur staff recept desk useless rude unhelp especi men could even get taxi airport room cold aircon function lock unadjust,0,NEG
wide select pre made food avail buffet addit order sever breakfast dish menu waitstaff servic highest level unnecessari daili towel chang despit inform green polici like,0,POS
locat good room fairli clean dusti carpet staff friendli especi recept nois insul could improv could hear peopl next room breakfast also quit expens offer even tri charg us alreadi paid,1,NEG
apart pretti close old town near attract clear websit apart basement sent email detail mention apart semi basement apart direct level earth call basement semi basement share room spider sought refug bunker dust least visibl could also smell mold small window top singl wall oxygen come die even though mention c day heat unbear lie websit c unaccept ye apart pretti cheap find better accomod littl money recommend,0,NEG
conveni capit one arena restaur seem bit overpr small room book room view citi given room view wall hvac unit charg time hold fee took week get back bank account,0,NEG
hostel locat conveni right hutong area also courtyard nice place relax room quit shabbi compar photo saw onlin book room also quit noisi even make hard get good night sleep furthermor staff help friendli would like bathroom facil clean well,1,NEG
locat conveni hotel simpli decent star hotel day stay standard room wi fi tv also one day roof top open staff enough properli bar serv order take minut use wc big deal room like boat wc even kid fit easili c manag temperatur,0,NEG
central apart bucharest offer top notch accommod experi welcom staff clean modern room ampl amen everi aspect memor central locat also huge plu place right heart bucharest restaur bar major attract short walk away nois level sometim get bit high due central locat deal breaker mean,1,POS
hotel decor modern locat somewhat conveni room absolut tini distinct lack storag space bathroom small well toiletri low qualiti moreov wall thin could clearli hear convers neighbour room greatli disturb sleep breakfast letdown everi day lack varieti poor qualiti product,1,NEG
locat great next metro line mani restaur bar caf nearbi check process nightmar abl chek pm normal time would pm appar normal treatment custom avoid hotel arriv earli pari room small bathroom divis shower toilet area,0,NEG
pool nice much walk close proxim common area clean well lit esp hallway bar restaur understaf room overcharg lunch order eat three sandwich solo travel get charg revers neither straightforward transpar,0,NEG
locat central easi access make travel around citi breez room clean well maintain comfort nice retreat day explor staff warm welcom readi cater everi need smile truli make stay special dine hous restaur also delight divers menu tasti dish minor point nois street sometim carri room understand locat busi citi,1,POS
hotel contemporari design impress lobbi beauti toiletri forest essenti provid smell good experi andaz delhi aeroc far expect room felt cramp lack space overwhelm surpris despit five star hotel outdoor seat avail servic quit poor unprofession took long time respond request moreov food qualiti restaur subpar overpr worth high rate charg due reason regret say recommend other stay hotel,1,NEG
locat mani restaur bar outsid minim paid bathroom feel clean one light flicker lift,0,NEG
locat insa dong near palac museum etc sinc transit fraser suit orakai hotel servic cleanli gone badli housekeep provid four day stay furnitur date kitchen bathroom bad odor kid almost vomit due smell addit ongo elev construct result wait least minut servic also room divis manag seem care custom feedback,0,NEG
hotel situat good locat ankara offer easi access citi price also reason room left lot desir furnitur overal decor look outdat give room drab feel cleanli mark either dust bunni underneath bed bathroom lack essenti toiletri addit nois street quit disrupt lack soundproof exacerb issu breakfast underwhelm limit rang quantiti food,1,NEG
hotel around lot good restaur subway station room clean well old toiletri left bathroom previou guest water pressur shower low temperatur inconsist carpet furnitur quit date,1,NEG
nice welcom spatiou suit breakfast ok continent version custom,0,POS
locat room smaller book paid,0,NEG
happi properti especi sinc walk distanc termini appreci cute design bright lobbi simpl modern eleg vibe attend great servic orient readi help overal room design love light configur could turn room light bed wall travel week bless nice size shower nice bathroom love closet space prompt actual put cloth tv cabl excel select cnn bbc news channel plu wonder veranda garden breakfast even cocktail amaz overal thought great locat hectic area make nice start point busi leisur travel howev treatment singl travel good read biggest problem treat singl lone femal travel firsthad book night stay week arriv arriv put room took differ stairwel elev get last elev singl privat one went floor room though back hotel love room basic doubl bed room desk area rd th floor great light could open curtain door view rooftop howev maze stair elev remot bit unsettl also cumbersom come back forth decid ask room chang woman check desk still great said problem could night next day went dinner came back new woman differ attitud said understood happi room explain room access locat even said need differ floor singl woman feel comfort area access privat elev said better move morn room though seen mani turn next morn bag pack readi move instead told could go day would move new room great got back walk new room felt like punish want feel safe put smaller room first floor courtyard everyth smaller coffe packet even mini bar refriger bottl water locat liter someon could jump right window courtyard window open window face courtyard even window open bare light,0,NEG
new world beij hotel exceed expect mani way well locat easi access tiananmen squar subway staff courteou profession alway readi assist room well maintain except clean comfort bed contribut rest sleep breakfast buffet morn offer wide varieti delici option satisfi tast mild disappoint outdoor pool close mainten stay howev consid overal experi minor issu,1,POS
everyth went well hotel easi find recept staff pleasant well organ room clean comfort system sheet towel understand price good way defin cultur hotel think anyth,0,POS
hotel elegantli appoint maintain histor charm room small staff unhelp dismiss breakfast mediocr overpr internet slow room amen lack far expect sofitel properti,1,NEG
posit thing esila hotel proxim citi center howev deepli disappoint stay esila hotel ankara qualiti servic offer incred poor room clean clutter unpleas smell make matter wors hotel staff friendli languag barrier made commun difficult food tasti lack varieti given issu would recommend esila hotel tourist,1,NEG
locat conveni far major sight front desk staff indiffer help air condit inconsist therebi make room hot stuffi bed firm uncomfort lead sleepless night breakfast limit option everi day addit wall thin hear peopl adjac room definit live star hotel,1,NEG
clean comfi good valu money staff great still got euro bond back yet could due bank,0,POS
hotel mimosa except place perfect locat heart pari close mani attract metro room clean comfort quiet recept staff except welcom help appreci care took health safeti measur,1,POS
room locat breakfast ok great,0,POS
varieti breakfast room noth,0,POS
good staff balconi window henc felt like suffoc insid washroom smell bird nest breakfast deliv time given hour order food tasti,0,NEG
amaz stay bed comfort staff friendli help love bathroom everyth clean felt luxuri would definit recommend also locat safe walkabl distanc lot thing connect bu rout complaint,0,POS
good locat friendli help staff great breakfast noth,0,POS
motel one pari port dor e fantast stun interior wonder staff everyth top notch locat superb right heart citi breakfast delici wide varieti choic honestli hard find fault littl nitpick wifi connect quit unstabl,1,POS
locat conveni right heart myeongdong staff friendli tri help possibl room quit small clean would expect hotel standard also breakfast left much desir much varieti food qualiti mediocr,1,NEG
structur hostel good clean room extrem hot imposs sleep air condition fan whole room smell bad plug charger near bed movement bed make lot nois,0,NEG
conveni locat heart citi easi access major tourist attract disappoint custom servic lack effect commun prompt attend custom need room although decent could use touch modern aesthet essenti amen miss quit live standard luxuri promis,1,NEG
stay embassi nord night must say great experi room incred spaciou clean delight ambianc staff accommod attent made feel welcom locat central close public transport made travel around citi much easier conveni small downsid absenc restaur insid hotel howev plenti option nearbi,1,POS
prime locat next eiffel tower sein river room quit small claustrophob make nearli imposs move around comfort suppli toiletri adequ recept staff lack manner welcom attitud,1,NEG
locat fairli central lot restaur histor site nearbi room tini practic space move lack natur light give room depress feel soundproof also inadequ everi sound corridor neighbor room audibl wi fi although free unreli kept disconnect,1,NEG
amaz locat servic rooftop pool delight noth signific note,1,POS
staff friendli locat great coupl minut nearest bu stop subway station,1,POS
love contemporari design live neighbourhood help hotel staff wall bit thin problem noisi neighbour,1,POS
locat good close proxim public transport apart clean amen lack servic poor nois neighbor apart also quit disrupt,1,NEG
modern decor central locat noisi lack air condit uncomfort bed,1,NEG
hotel clean staff friendli help proxim public transport also plu bit far away citi centr,1,POS
locat great clean receptionist act hate life hate everyon custom walk door unfriendli unhelp everi way felt guilti ask question help anyth privat room book book com one given pictur show would get wardrob spaciou room cours room featur final atmospher liveli hostel whatsoev felt like hospic hostel make matter wors wifi work half time avoid cost,0,NEG
staff help went way meet need gave great advic restaur navig citi locat,0,POS
villa pamphili provid seren retreat away rome hustl bustl boast beauti ground comfort room breakfast delici staff extrem polit help hotel bit far away citi center shuttl provid hotel conveni punctual,1,POS
sure review place appear name go book com owner nice super friendli kind front desk peopl good job sadli noth els hotel would recommend room damp feel ground floor one window look dark alley comfort place even one night stay join tour leav anoth budget hotel much nicer anoth part citi upgrad got dinner worth could order menu econom food serv room restaur feel safe walk around neighborhood side street near airport,0,NEG
rather old establish,0,NEG
hotel stylish neat lobbi charm bar locat perfectli citi center allow easi access numer attract room clean well maintain definit enjoy comfort bed staff polit help round clock though lack gym slightli disappoint overal experi made,1,POS
locat reach monument museum build etc excel point transport requir period locat china town area mani peopl leav streed marihuana smell side way trash everi place local peopl homeless peopl scream beg everywher insecur senseat around block around hotel locat polic siren day long due peopl street pictur need refer proof hotel call self bussin hotel due super reduc room space coupl backpack day make room compar sardin tin way walk freeli one chair cannot deploy frm undr reduc mini desk space room must use bed place seat hanguer hold shirt pant overload space mini closet bath towel bodi littl bigger hand towel bathroom bed close sepat slide glass door surround insul plu thank bathroom fan cannot turn let sleep night ask hotel recept turn told cant mani busin hotel assur realli compress even money other hotel mini fridg summer microwav coffe maker noth whater fountain hall provid warm watter instead cold doubt carbon filter chang pfequent bussin hotel usual provid ice machin room hall one,0,NEG
breakfast excel choic limit good breakfast choic,0,POS
locat conveni close mani tourist attract room date could use renov addit custom servic lack staff respons courteou expect,1,NEG
perfect locat walk around citi amaz room profession kind staff remark concierg servic day day help us make unforgett stay return sure,0,POS
courtyard marriott boast strateg locat close gare de lyon station make commut bit easier although locat conveni found marriott underwhelm room felt steril lack ambianc typic associ pari nois level street notic high disrupt sleep night room servic also somewhat lack sever request simpl amen go ignor delay breakfast also letdown overpr qualiti varieti provid lastli wi fi connect perpetu slow unstabl,1,NEG
park avail plu close proxim main attract commun tough staff limit english skill bed linen particularli clean insuffici bathroom facil number guest common room social area guest interact,1,NEG
staff except room clean great bed comfi use lime scooter go see monument far away washington dc august hot humid wallpap room come seam mani place,0,POS
locat perfect close everi interest place big shop center next hotel easi reach hotel airport take train central station step hotel clean bed comfort enjoy stay hotel room quit noisi mind,0,POS
good size room good facil v hot room need window open locat loud opposit polic precinct siren night lift order throughout week stay tv work even though report mani time onlin messag promis sort,0,NEG
great locat good breakfast standard room big enough room bathroom attrit condit,0,NEG
excel locat minut station staff profession polit room clean comfort necessari amen food especi breakfast delici varieti choic wifi connect bit slow manag,1,POS
noth horribl experi bad custom servic room clean food averag,1,NEG
hotel opera new delhi offer comfort pleasant stay courteou staff neat clean room buffet everyth top notch locat central situat easi access major tourist spot make conveni traffic nois bit distract peak hour overal signific issu consid locat conveni offer,1,POS
realli close old town stuff friendli kind fruit serv appl chang week,0,POS
hotel offer good locat near airport quick check process appreci unfortun room bathroom unclean bed extrem uncomfort top hotel staff unhelp somewhat rude stay,1,NEG
locat citi center close mani attract room servic averag room clean expect,1,NEG
locat delhi central redeem found hyatt regenc delhi surprisingli underwhelm room horribl outdat overal cleanli left much desir servic sub par wifi spotti caus lot troubl work schedul although hotel boast multipl dine option food mediocr definit luxuri experi hope,1,NEG
good locat nice room breakfast amaz,0,POS
hotel clean staff profession locat perfect stone throw away major attract soundproof room could improv,1,POS
everyth expect clean room good locat good price,0,POS
view room impress locat close citi center great wall hotel beij someth disappoint although advertis luxuri hotel room decor outdat tire carpet hallway worn unclean elev sluggish furthermor staff english profici limit made commun challeng wifi connect poor inconsist addit buffet breakfast repetit lack varieti room inadequ soundproof nois surround room hallway easili audibl lastli bathroom use outdat fixtur constant issu run hot water,1,NEG
central locat easi access public transport room outdat poorli maintain malfunct air condit housekeep overlook sever area daili clean poor buffet breakfast select inconsist replenish staff struggl english led commun difficulti,1,NEG
locat hotel mimosa pari superb mani pari top attract short walk away room clean comfort staff except help love quaint atmospher breakfast croissant absolut delect room bit small elev bit slow,1,POS
locat realli good breakfast good check told staff buy hyatt merchandis onlin later found,0,POS
staff nice help noth like,0,POS
worker kind help breakfast delici room everyth need water hot work onlin problem internet locat favourit expect price point afford place complain,0,POS
hotel makk test electr take hour elev room th floor star hotel,0,NEG
proxim hotel main train station handi also physic appear hotel room quit appeal room noisi could hear traffic main road day night make hard sleep relax also staff friendli help room servic also poor room clean properli amen replac regularli breakfast select basic worth price,1,NEG
gener madrid great rooftop bar stun view madrid staff realli help spoke excel english alway hand help issu room clean modern bed comfort locat fantast central enough walk attract still quiet enough rest night sleep made stay madrid special definit return hotel,1,POS
hilton garden inn washington dc downtown truli delight place stay strateg posit close major attract like white hous make conveni locat tourist room well maintain spaciou offer comfort bed good night sleep staff member courteou readili avail cater requir breakfast varieti excel fit center nice surpris honestli find glare fault stay,1,POS
hotel locat close walk distanc citi center mani tourist attract,0,POS
good locat close mani attract room well maintain furnitur old date custom servic standard breakfast averag best,1,NEG
westin grand berlin wonder surpris room spaciou luxuri comfort bed fantast bathroom breakfast vari delici staff alway friendli help locat also perfect close mani attract subway noth point,1,POS
room hotel good locac,0,NEG
stay vitan aparthotel bucharest noth short fantast room clean spaciou necessari amen dispos home atmospher cordial staff made stay even pleasant locat perfect within walk distanc mani tourist attract restaur shop minor downsid street nois bit loud time small price pay conveni locat,1,POS
situat quiet area within walk distanc citi centr staff friendli will help anyth need room clean spaciou modern importantli comfort feel like home,1,POS
hotel modern stylish look experi eurostar madrid tower favor room clean daili water pressur bathroom poor wifi connect extrem weak made commun difficult furthermor custom servic subpar staff member seem uninterest address guest concern,1,NEG
highli impress cleanli modern design blncti hotel room spaciou amen one would requir staff remark friendli alway readi assist cater need hotel locat also excel mani popular attract nearbi surround variou local food spot worth explor stay overal satisfi wish hotel breakfast includ vegan option,1,POS
locat best rd time stay hotel continu go seoul printer water dispens outsid room small room usual,0,POS
staff except great locat european comfort older style hotel,0,POS
eurostar casa de la l rica madrid exceed expect interior eleg yet welcom room spotless comfort hotel locat ideal close major attract public transport although breakfast excel could littl pricey,1,POS
great valu proxim station book last minut ticket avail istanbul staff friendli help excel breakfast comfort bed kettl would perfect touch henc rate sens kettl smoki smell room ask non smoke experi non smoke rkiy usual mean noon smoke exact moment,0,POS
locat hotel great mani sightse spot nearbi ampl public transport choic around unfortun room incred small cramp wifi connect kept drop quit slow proper area luggag storag room air condition function properli room uncomfort warm custom servic also left lot desir,1,NEG
view rooftop bar stun especi night citi lit staff help attent alway readi assist clean room servic quick food tasti elev quit slow peak hour might bit wait,1,POS
locat breakfast room littl none street light vintag look chang room due nois come renov near build fire alarm ring,0,NEG
locat great within walk distanc sever landmark sight hotel look quit tire need lot refurbish heat system noisi could hear everyth street window need replac also issu plumb bathroom took two day fix staff particularli friendli help seem overwhelm,1,NEG
breakfast pleasant start local area unsaf gang young men harass women local metro station unsaf use hotel structur poor upkeep repair decor part detract gener poor qualiti decor low qualiti fit build feel safe lift exit via wind unstabl spiral staircas event fire way escap staff gener unhelp borderlin rude nowher found although paid full arriv also told arriv pay euro secur deposit mention previou correspond told would refund departur receiv refund yet,0,NEG
view hotel room pretti impress give wide panorama ankara howev hotel overal pretti disappoint room date dire need renov wi fi extrem patchi made almost imposs get work done staff although friendli respons request complaint,1,NEG
unstabl internet possibl work,0,NEG
adveniat pari absolut gem nestl heart citi moment arriv staff attent courteou went way ensur stay noth short perfect room stun view citi immacul comfort breakfast highlight fantast select fresh food appreci charm older build also meant elev quit small minor drawback otherwis outstand hotel,1,POS
great breakfast varieti great hotel locat new clean facil late check even past time written huge traffic elev morn tri charg breakfast twice alreadi includ book,0,NEG
excel stay servic would come gaurav chandan excel,0,POS
great locat near train station clean conveni love staff would stay check fantast littl bit dark,0,POS
close capitol hill surround area mani restaur nearbi staff nice doorman nice much homeless nearbi close,0,POS
new world beij hotel stun except clean tast decor staff beyond accommod strateg locat close major beij attract breakfast spread culinari delight divers select delici eastern western food small complaint room bit small dark compens comfort bed sleek bathroom,1,POS
four point sheraton josun seoul station provid outstand stay room spotless servic first rate hotel proxim seoul live citi center perfect addit spectacular citi view comfort bed delect dine option contribut overal enjoy experi noth worth mention great stay round,1,POS
ambianc top notch moxi bucharest old town locat superb locat right heart old town staff courteou friendli downsid inabl control room temperatur,1,POS
locat fantast right gran via close shop restaur room quit outdat need refurbish air condit loud room alway either hot cold could control breakfast limit choic constantli ran option tea coffe facil room disappoint,1,NEG
clean staff friendli help locat receptionist could speak english breakfast good enough star hotel wifi get receptionist help enough wife marriag ring room disappear lost stolen provid appropri video footag told us check video noth suspici ask show us video footag refus trust,0,NEG
hotel staff polit easi access public transport experi motel one pari port dor e less favor room rather small cramp nois outsid road quit disturb make difficult sleep breakfast lacklust offer varieti seen hotel similar price point daili housekeep inconsist term bring fresh towel refil amen sadli wifi slow bare work think better option cost citi,1,NEG
locat fantast middl myeongdong close shop food area room rather small littl natur light insid room make feel cramp room also strong cigarett smell check even though suppos non smoke room also wall thin hear peopl talk hallway,1,NEG
realli conveni use room simpl super clean tidi everyth readi enough day stay strang first even one person recept complet book onlin take code reach room think good easi access like,0,POS
superb servic staff spectacular view higher floor spaciou ultra clean room proxim variou import landmark breakfast menu could varieti,1,POS
excel n brilliant leakag glass shield shower,0,POS
noth overr mini bar star hotel bathrob,0,NEG
orakai insadong suit seoul delight stay impress suit spacious cleanli high tech applianc eleg furnitur creat luxuri set stay staff also notabl attent accommod locat anoth perk mani restaur shop nearbi downsid internet connect somewhat inconsist minor inconveni compar overal fantast experi,1,POS
locat pretti good close proxim notr dame saint michel station room extrem tini wall paper thin hear everi convers everi move neighbour make hotel quit old scream refurbish anoth downsid lack kitchenett facil kettl fridg,1,NEG
impress hotel spaciou clean bedroom staff member hospit help excel locat citi neg point wifi signal bit weak area hotel realli hamper overal experi,1,POS
cosi clean good locat good internet work,0,POS
ibi budget berlin potsdam platz wonder locat close mani sightse attract room although budget clean comfort quiet staff friendli attent provid excel tourist guidanc map citi also sever nearbi restaur joy dine long day walk wi fi bit slow peak hour might bit inconveni,1,POS
breakfast far one best scrambl egg amaz overal pleasant stay park could includ price,0,POS
obvious great locat help store bag free check feel welcom ladi check desk room disappoint price feel payment process explain properli visitor u k,0,NEG
locat good close metro room look clean wide pictur room recept hall bathroom also dirti one shower broken use one,0,NEG
hotel situat quiet part citi room servic punctual staff polit respect food good wide varieti choic wi fi signal littl bit weak room believ improv,1,POS
locat right across silver line stop mcpherson squar room well appoint coffe machin iron iron board etc,0,POS
hotel wonder locat right near kurf rstendamm room clean breakfast great staff super friendli help also locat near mani attract interest place visit berlin downsid could mention wifi limit would great could improv,1,POS
room beauti beauti photo import comfort stay travel car dog immedi wrote hotel told us day check addit charg tl per day stay dog singl carpet room cold tile extra charg clear also clear hotel find minut week answer us advanc check time ask provid import inform free cancel time told front desk could cancel cours pm hour drive look anoth hotel absolut disregard custom also park space forbidden stand front hotel although mani car park offer park car park lot left car key idea room beauti absolut uncomfort littl light imposs make one nozzl shower screw ceil imposs wash properli feel design womenphobi breakfast poor,0,NEG
locat near mani shop outlet comfort room friendli staff breakfast tasti varieti option fit center could littl upgrad,1,POS
hotel perfect locat three block white hous staff friendli room clean comfort also appreci fact mani restaur shop within walk distanc downsid wi fi spotti time breakfast averag minor detail otherwis excel stay,1,POS
locat hotel strateg easili access brand new hotel amen clean nice manag amar mohamad gave us decent servic alway laptop baskar bell boy super help gem almost noth dislik hotel everyth nice decent front desk manag highli concern good review,0,POS
well appoint room stellar locat near eiffel tower sein river multilingu staff help breakfast divers abund lift bit small might issu guest big luggag,1,POS
excel locat stun view room comfort servic top notch,1,POS
size layout room good breakfast fine pool look love facil limit short stay govern regul yet hotel road restrict told breakfast unabl sit togeth covid regul also room uncomfort hot chang thermostat due covid,0,NEG
central posit walk distanc forbidden citi staff nice friendli help find inform need man speak english expect better situat look pictur onlin see pictur room small small peopl space luggag hard fit peopl even room clean clean bed linen towel bathroom good condit toilet men one women shower share within share room nice cat around smell furnitur hall well appreci place lot potenti,0,NEG
ideal locat great comfort excel custom servic,1,POS
locat nice near key tourist site room design modern appeal custom servic disappoint issu air condit took long fix found bed uncomfort nois level outsid high result disturb sleep,1,NEG
room clean cozi well equip hotel offer fantast hous restaur varieti delici dish locat could better amen attract nearbi,1,POS
neat super clean necessari basic facil overnight stay perfectli place earli morn flight staff love help would happili stay,0,POS
hidden gem bucharest room spaciou modern design clean close citi centr quiet neighbourhood could better kitchen equip,1,POS
central locat easi access room well maintain distinct nois street made sleep difficult also staff seem uninterest help wifi extrem slow,1,NEG
state plaza hotel provid spaciou suit super conveni locat close mani landmark effici friendli staff hous dine also quit delight noth noteworthi,1,POS
locat nh collect roma centro quit conveni place far citi key attract breakfast buffet also consider select food choos despit favor locat hotel left much desir term servic accommod room notic outdat could use touch up check process rather slow staff although outright rude could friendlier effici servic addit cost stay disappoint find wi fi incred slow,1,NEG
locat wonder everyth around corner want thank anna vladimir hospit realli like room neat quiet night definit would like come back issu key stop work second day anna help us lot problem resolv easili also fan big pillow person prefer everyth okay,0,POS
staff locat noth think,0,POS
locat perfect near airport mani transport option room spaciou modern clean staff incred help friendli limit option breakfast slightli overpr food restaur,1,POS
view hotel fantast one tallest build citi clear day room provid grate sight disappoint stay servic standard repeat issu room immedi address staff seem understand level custom servic present luxuri hotel like addit food subpar breakfast buffet lack varieti food hotel restaur noth special term flavour locat also quit far citi center made activ inconveni,1,NEG
hotel grand aesthet appeal staff normal polit howev room quit worn outdat decor air condit effect make room uncomfort warm servic slow food mark price exorbit despit multipl complaint signific improv seen stay,1,NEG
central locat nearbi local cuisin excess nois lack cleanli,1,NEG
central locat extrem thin wall lead loud nois neighbor street unsatisfactori cleanli unrespons staff,1,NEG
locat quit good road noisi decor room nice free locker store bagag well first wardrob anywher store cloth pleas note room consid superior someth cheap one safe mini bar room fridg go downstair drink water mattress bad hard saw stain sheet road room busi noisi view bad see abandon old hous pillow small provid one per person tv posit low practic watch put least one meter higher proper desk work tv remot control work good fan ac made lot nois coffe maker valu money actual expens room without amen last least person one use shampoo etc bathroom practic use one previou custom use mean anybodi throw insid anyth without control,0,NEG
impecc locat central myeongdong comfort room dilig staff hotel skypark central myeongdong made stay seoul absolut delight hotel proxim shop dine option ad advantag could use bit varieti breakfast menu detract much overal excel experi,1,POS
great locat modern room great c individu room temperatur control beauti spaciou shower great toiletri trim around bathroom door patch togeth dark cock could hear peopl room next door quit clearli,0,POS
outstand locat conveni access public transport major attract dynam atmospher perfect young travel staff welcom extrem help lack individu power socket next bed slightli inconveni vegetarian option restaur would appreci,1,POS
decent locat lot food option nearbi room bit small,1,POS
hotel central locat make major attract short walk metro ride away room clean tidi comfort bed staff extrem friendli help site restaur serv hearti tasti meal,1,POS
good locat confirm inform twin bed room singl staff said still good offer shouldnt complain miss pillow room forc sleep fold cloth miss water morn staff said back minut know true stay longer would miss flight,0,NEG
hotel premis spaciou secur excel room musti smell linen towel wore old look appear overus room servic rather slow food averag given price expect better qualiti servic,1,NEG
locat next malteo metro station need local transport also privat park come car good select restaur shop near hotel decent breakfast serviabl personel thank,0,POS
sauna spa area ok realli shame open late afternoon staff sauna area quit rude alot inform app insist download date simpli wrong late night receptionist extrem rude wit yell guest top lung also curt rude question restaur bar sub par extrem price order drink bar fli bartend argu fli reluctantli pour new glass wall extrem thin drunk loud german neighbour kept night scream door slam,0,NEG
staff polit help hotel otherwis imperson lack atmospher main lobbi uninvit better cheaper breakfast road,0,POS
gener madrid ideal situat within walk distanc mani madrid attract room clean also offer lot commun area relax social rooftop bar area fantast great vibe nice select drink one downsid breakfast could use littl varieti also lift quit small slow bit inconveni peak hour,1,POS
moment set foot grand millennium beij knew treat eleg sophist hotel lobbi immedi struck carri entireti stay staff incred graciou alway go beyond ensur stay comfort enjoy room exquisit decor touch tradit chines charm add overal luxuri feel bed one comfort slept inclus high qualiti espresso machin delight addit morn routin hotel restaur top notch serv varieti intern tradit chines dish expertli prepar relax spa indoor swim pool facil world class fantast way wind long day explor beij wifi tad slow room,1,POS
locat quit easili access surround environ decent room properli clean dust shelv bed felt uncomfort nois disturb night wifi connect poor staff seem attent resolv issu,1,NEG
clean locat amaz locat cleanli enough done price eat breakfast hotel cannot rate,0,NEG
locat hotel great request doubl room accept howev got room twin bed basic window window pa face wall sunshin pool littl overr,0,NEG
restaur food staff extrem good front desk staff arriv polit leav bare look busi show comput transact heavi suitcas given room need climb step bed tightli made tri get top sheet open bottom sheet come aircon night revers heat mode room uncomfort c woke room right next entranc therefor noisi stand open suitcas onto,0,NEG
recommend stay realiti star hotel poor servic furnitur qualiti need hour bring bottl water need repeat time clean room room furnitur use lamp work shower broken water spread wall around,0,NEG
conveni locat uniqu design hotel beauti decor exterior landscap design nice interior nice smell insid hotel big clean room big window everyth insid room work fine notic ax ept small issu wi fi connect,0,POS
hotel great locat easi find close citi attract room small imposs properli open suitcas air condit work properli way ventil room overal impress clean instanc bed stain worn breakfast poor littl choic hardli fresh product staff help speak english,1,NEG
ibi ankara airport hotel conveni locat arriv depart odd hour due close proxim airport staff consider understand went way make sure stay comfort breakfast also noteworthi featur decent varieti dish room clean effici quiet atmospher great relax long journey room could use bit updat furnish seem bit old worn also hotel might ideal look explor central ankara quit distanc away,1,POS
hotel near metro station provid easi access explor citi gener hotel total disappoint nois level intoler thank lack proper soundproof felt like traffic room room clean expect dust visibl furnitur staff seem disinterest fail provid necessari assist stay hotel claim valu money servic offer mark thu challeng claim find tough recommend hotel fellow tourist,1,NEG
excel locat staff friendli profession room clean comfort everyth perfect noth unhappi,1,POS
locat hotel conveni close railway station unfortun overal experi dissatisfactori firstli room clean properli arriv visibl dust grime area secondli plumb seriou issu shower sink frequent block furthermor nois railway station consist loud even night made challeng good night rest lastli staff although polit lack effici particularli front desk check check took unnecessarili long,1,NEG
thing noth,0,POS
none except subway station proximityno good sleep,0,NEG
fantast locat clean environ friendli staff comfort bed bathroom clean rel quiet consid locat limit breakfast option could improv,1,POS
staff impecc servic alway will help go beyond ensur comfort plu cleanli standard top notch room could bit space internet connect inconsist time,1,POS
beauti hotel fantast locat near shop food area room modern beauti clean quiet slept well staff realli help kind breakfast fantast transport link great near subway station realli noth complain perhap room bit small,1,POS
breakfast aw locat dump everyth,0,NEG
fantast stay hyatt regenc delhi servic top notch room comfort clean beauti furnish food hous restaur especi commend would highli recommend hotel anyon stay new delhi noth mention overal enjoy stay,1,POS
front desk peopl realli help friendli special terrel everyth perfect,0,POS
locat fantast right heart madrid access citi main attract incred easi room comfort staff extrem profession given central locat street nois issu light sleeper,1,POS
travel often primari consider lodg locat everyth els subordin minerv site us perfect four minut walk river notr dame isl number love eat establish bonu wood pigeon nest balconi short could happier,0,POS
locat small room nice,0,NEG
clean conveni shop restaur,0,POS
good realli enjoy stay thanku mahesh definit come,0,POS
friendli staff locat restroom sink dirti thank good disinfect wipe everyth els great,0,POS
bed fairi comfort recept area smelt like toilet cleaner breakfast ok dinner appal bathroom date old would say hotel star best overnight rate certainli reflect averag qualiti hotel disappoint,0,NEG
locat superior garden room like sleep basement carpet stain disgust two front desk staff one smug big attitud overal neg vibe experi advertis onlin disappoint good valu would recommend,0,NEG
good locat short walk station buse airport bu stop within minut walk easi walk myeongdong night market shop,0,POS
like everyth room high ceil comfi bed equip bathroom need hair dryer shampoo soap move mirror makeup closer look etc stuff guy help luggag nice cafe around hotel noth strongli advis,0,POS
holiday inn templ heaven beij offer excel experi guest room spaciou impecc clean provid quiet comfort environ rest long day explor citi restaur offer divers select local intern cuisin ensur everi palat cater staff friendli alway will assist queri issu moreov locat hotel perfect short distanc templ heaven none note,1,POS
access ballhau berlin hostel commend conveni nestl near u bahn station make transport easier histor charm build also noteworthi preserv distinct piec berlin past howev number shortcom hard ignor advertis common kitchen practic non function lack basic applianc stove came quit disappoint intend prepar meal stay addit presenc recept staff alarmingli spars three day stay encount lack assist guidanc rather unfortun perhap mar experi unwelcom atmospher loom place felt though place concern impos liabil rather foster home welcom environ also left stay unpleas infest flea,1,NEG
fantast locat comfort bed great vibe common area food restaur also top notch downsid street nois somewhat loud front face room due central locat,1,POS
hamilton hotel washington dc provid except stay warm welcom friendli staff sheer eleg architectur experi noth short perfect room spaciou impecc clean offer stun view cityscap conveni locat heart washington dc made sightse breez provid easi access public transport hotel restaur also deserv mention divers menu fine dine experi impress overal experi memor found wi fi connect somewhat spotti time within room could inconveni busi travel,1,POS
central place love everyth,0,POS
view citi degre rooftop someth cherish hotel modern clean comfort super effici friendli staff also central downtown locat made easi get major sightse spot breakfast buffet extens could vegan option also check process bit slow,1,POS
locat perfect heart citi easi walk distanc major attract unfortun room outdat comfort air condit work made unbear sleep comfort summer heat also nois street put surround bar club made difficult rest properli night although staff friendli respons complaint effect,1,NEG
conveni locat good breakfast small room lack amen servic left much desir,1,NEG
lobbi comfort beauti staff profession room clean look new area look safe lot mosquito outsid area think bad thing place know problem solv,0,POS
excel access public transport numer eateri around room spotless well appoint breakfast varieti could improv upon bit,1,POS
ok fact could commun tre respons hotel case emerg problem nice write whatsapp way commun solv issu soon room never clean sheet towel never chang week stay hotel wast never took stay second day stay water colder colder third day cold frozen next day problem solv writen hotel respons day think room main door good qualiti heard everi step main hall point wake morn mani time nois neighbor leav room find impolit last day stay clean ladi came door tell left room firstli european convent must leav hotel room anyhow book put calendar leav time secondli bother minut especi never clean room one week concern taxi reserv book let known drive airport hotel includ price accept offer receiv necessari inform taxi driver name phone number fact plane land bookong flight inform wait maximum min well min leav plane taxi driver call tell min delay done anoth drive find disrespect client refus offer big laggag took local cab rapidli,0,NEG
good stabl wi fi help staff even gave towel although provid accommod hostel toilet shower peopl shower clog time slipper common even wash,0,NEG
room bed ok qualiti cook good staff unfriendli non cooper first challeng book room peopl show proof book com voucher deni seen claim ignor book com process method book even told paid extra premier room repli room premier premier option book com must hoax told even though paid extra includ breakfast dinner vegetarian food pay extra want chicken even egg told rule written book com site hotel ask check market price costli item understand possibl includ item includ menu even paid extra paid extra amount food particularli fond vegetarian food final found cockroach bathroom kill inform deni lie felt taken video proof anyway bathroom clean room ok big bit old clean,0,NEG
hotel provid great servic toiletri shampoo hair condition shower gel great qualiti,0,POS
locat fairli conveni howev room small fridg broken room bare clean staff accommod friendli,1,NEG
facil locat great good,0,POS
staff help friendli locat busi safe women room clean insect bathroom would ideal like full refund,0,NEG
hotel room locat rigg cafe staff servic,0,NEG
everyth alway first class nh carpegna front desk restaur staff incred friendli graciou trip welcom checkin francesca giusepp warm goodby daniel valentina check restaur carlo usual friendli help wonder peopl deal noth like hn carpegna,0,POS
close transit tv locat room side bed,0,POS
central near metro station room spaciou nice view bathroom larg good water pressur wifi annoy login requir log everi time,0,POS
wearn smell,0,NEG
design hotel trendi appeal sadli experi andaz delhi aeroc huge disappoint room servic slow wait nearli two hour simpl club sandwich cleanli bathroom question nois level disturb breakfast offer mediocr limit varieti staff appear disinterest expect hyatt,1,NEG
comfort cold tv fan,0,POS
locat everyth room terribl filthi,0,NEG
despit stay run breakfast run get earli food good shower screen bathroom flood everi use utterli bizarr shuttl drop pick one random place centr rome restaur tri someth lot unhappi hungri guest struggl find someth eat difficult itali final hotel argu payment gone clearli blatant attempt scam money,0,NEG
breakfast nice varieti option restaur top hotel offer great panoram view citi coupl issu face stay hotel ickal elev servic notic period rather inconveni room higher floor air condit room work properli made uncomfort night housekeep par could use improv also wall seem poor soundproof allow hear hallway nois,1,NEG
comfort bed well situat citi centr staff amiabl room face noisi street soundproof poor bathroom issu cleanli,1,NEG
worst place ever,0,NEG
locat access taxi room soundproof difficult sleep night due sound room includ flush sound washroom room size small price pay,0,NEG
hotel locat citi center plu room better clean carpet stain furnitur old food also lack varieti staff need improv custom servic skill,1,NEG
conveni locat near airport room quit small servic could improv,1,NEG
staff friendli breakfast good lot varieti room outdat furnitur old carpet dirti bathroom broken tile shower clog air condit also work properli made sleep uncomfort hotel definit need major renov,1,NEG
excel locat clean comfort bed courteou help staff book two connect room everyth great,0,POS
hotel simpli stun beauti lobbi well decor room qualiti bed outstand shower fantast level finish luxuri high staff incred friendli accommod locat also cannot beaten within short walk old town area plenti sightse opportun smorgasbord restaur choos breakfast fabul extens select hot cold item simpli put one memor hotel experi age noth signific mention well taken care,1,POS
good room clean poor breakfast choos hotel wait breakfast hour result get poor breakfast restaur staff servic slow profession kid hungri fruit chees poor limit food first time want chang hotel first day stay locat perfect need spend min get attract,0,NEG
hostel hold charm old world aura modern amen great locat attent staff,1,POS
locat conveni bathroom clean aw smell also bedroom small facil date room servic extrem slow food averag definit recommend hotel anyon,1,NEG
brilliant locat comfort bed spain,0,POS
quiet area clean room gener breakfast option,1,POS
ibi budget berlin potsdam platz well situat central berlin within walk distanc popular attract check also quick effici howev room leav much desir term cleanli comfort bed comfort room distinct unpleas odor addit breakfast select left lot desir custom servic subpar staff help encount issu,1,NEG
locat fantast staff friendli room filthi dust grime surfac toilet paper blood roll thank brought toilet paper clean disinfect whole room linen thank clean look expect budget furnish expect filthi air condit room work forc us open window busi street needless say extrem loud night long,0,NEG
room clean well maintain staff friendli effici central locat good access market attract delhi realli noth much fault,1,POS
locat hotel avenida gran v excel right center thing close metro howev room tini poorli insul nois busi street guest floor breakfast offer basic appet coffe bare warm servic also lack staff seem concern chat amongst help guest,1,NEG
make pay extra pillow,0,NEG
motto hilton washington dc citi center fantast place stay locat optim provid easi access myriad landmark attract room spaciou clean comfort featur modern decor amen made stay enjoy staff extrem courteou help ensur need cater site dine option also quit impress offer divers menu type palett honestli could find downsid hotel,1,POS
beauti palac near market near mall,0,POS
locat great dusti even suit room floor mop properli bed cover dust bathtub okay thing protect shower splash water clean enough ask recept clean properli first time gave differ room actual dirtier origin one ask chang room upgrad room suit even suit clean enough want ruin trip anymor decid take offer next day order room clean got sightse dusti probabl want leav howev thought better clean room ask mop recept let said ask someon clean well eventu stand dust second day sent fruit dish though,0,NEG
inde hotel skypark myeongdong seoul surpass expect hotel conveni near public transport mean explor seoul effortless friendli accommod staff ad excel experi addit room clean comfort ensur rest night sleep long day tour cannot recal anyth disappoint,1,POS
locat good close event hall lidl multipl bu sbahn station toilett broke water spill onto floor got replac second time ask,0,NEG
hotel minerv pari offer unriv experi astound ambianc dedic staff conveni locat room impress clean hotel boast enchant view citi complimentari breakfast definit worth note add valu overal servic,1,POS
locat excel short walk bustl citi centr room beauti design spaciou except clean hotel staff incred friendli went beyond ensur comfort stay honestli find flaw stay,1,POS
hotel locat conveni offer decent amen staff cordial help breakfast could littl varieti,1,POS
hotel locat citi center conveni unfortun experi room servic order meal arriv late cold also room seem gener unkempt found unclean part especi bathroom nois level quit high custom servic expect felt could hospit understand complaint,1,NEG
locat good near subway bu stop easi travel place interest shop near find good food around well two ibi hotel around area make sure find correct one,0,POS
like locat lack sanit cleanli,0,NEG
hotel room sizabl clean comfort bed restaur food okay noth special price,1,POS
locat good heart itaewon close metro station also room design artist uniqu hotel room clean properli upon arriv particularli bathroom strong unpleas smell also pillow flat mattress uncomfort result sleepless night custom servic lack well staff will address issu confront,1,NEG
locat hotel design lot potenti unfortun cleanli servic subpar realli diminish overal experi room clean properli difficulti staff request addit amen,1,NEG
strateg locat interior room rather date could use facelift addit staff front desk quit unfriendli unrespons queri put,1,NEG
sound aircondit terribl,0,NEG
cold shower morn hot think basic hotel,0,NEG
noth special happi poor servic imposs get support room servic poor follow staff poor english worst breakfast valis money commerci hotel,0,NEG
absolut love stay pestana cr gran v madrid room spaciou immacul clean staff except friendli locat superb major sight madrid easili access rooftop pool also great bonu noth signific come mind,1,POS
locat breakfast room toiletri bit use,0,POS
great room nice decor friendli staff super locat dislik fact extern access pool per day howev arriv pool h pool access seat alreadi taken extern mean client hotel end blanket floor best experi client hotel,0,POS
except servic highli profession staff room neat well equip proxim citi center great plu major downsid except occasion slow servic restaur,1,POS
close metro close restaur notic beforehand pool would open enough sound proof club surround build inform facil check enough space cloth mattress uncomfort one type tea bath spong face cloth assist luggag room room bathroom toiletri,0,NEG
great locat help staff aircon work everyth spotless overpr breakfast leav hotel eat fraction,0,POS
good locat traffic transport sound insul effect,0,POS
lobbi design well room clean left untouch housekeep stay ac faulti breakfast servic disappoint,1,NEG
hotel great comfi clean excel locat give outstand review mainli help staff beij difficult tourist without chines sim card reserv place tourist attract show entranc tourist attract sight beij sever limit hotel staff especi manag busi suit black tie rememb name went way help deepli thank recommend hotel anyon would nice breakfast restaur hotel plenti good eat option outsid especi super nice pedestrian street,0,POS
locat drawer fridg could open room small breakfast poor,0,NEG
except clean conveni friendli help staff far local eateri subway shuttl servic airport nice featur well would appreci better varieti breakfast overal good,1,POS
hotel conveni locat heart ankara staff extrem friendli breakfast delici room clean spaciou wifi connect occasion unstabl,1,POS
comfort far central water flood toilet,0,POS
great locat us one night stay pari earli morn eurostar room clean stay late nightperson let,0,POS
staff nice privat park helpful lot hair especi bathroom towel stain sound room quit annoy snore talk etc,0,NEG
proxim local attract room clean expect room servic slow amen standard hotel noisi due construct nearbi make hard rest food mediocr worth price,1,NEG
solid choic hotel nearbi metro bu line minut walk shop area everyth need nearbi tabl could bit bigger often snack use breakfast facil mani option nearbi,0,POS
conveni contact check check free drink fridg great coffe,0,POS
central locat design orient atmospher tini room horribl nois street room lack amen incred unrespons unhelp staff,1,NEG
hotel need renov,0,NEG
hotel opera new delhi oasi calm bustl citi staff superb friendli hospit room spaciou clean comfort food hotel restaur delici inde nearbi area busi crowd expect new delhi,1,POS
view like privat restroom quit clean comfort felt room right request arriv hotel request quiet room far elev mani night heard peopl talk loudli outsid room,0,POS
surround locat facil bathroom right insid room mean guest bath time bed twin bed join one meant bed regular slide apart fall middl tv work refriger work room never clean room small,0,NEG
perfect locat wonder breakfast hotel staff except noth,1,POS
rooftop bar pool arriv recept femal staff member unfriendli unhelp ruin stay actual,0,NEG
great room smart design light modern plenti custom option beauti sunset view shower bath great amen even diffus curli hair umbrella raini charger etc staff day profession knowledg good breakfast plenti restaur around hotel soundproof perfect hotel full yet hear anyon els room price noth complain,0,POS
locat perfect howev room clean expect wifi spotti kept disconnect breakfast buffet lack varieti fresh food also question,1,NEG
like lemon water avail lobbi restaur bar nice noth,0,POS
locat price breakfast mariott hotel poor hot chocol serv breakfast extra fee room extrem small view realli cruel staff smile sheet also dirti someon us chang bodi wash empti shower easi wifi locker room hang cloth difficult,0,NEG
love hotel conveni locat employe pleasant hotel lock entranc comfort mini refriger room best cold drink,0,POS
good locat lot bar cafe restaur around staff extrem rude want help want money pay laundri servic came back stink cigarett smoke question deni extrem rude us atmospher social hostel recommend stay,0,NEG
locat staff clean nice room,0,POS
park comfort locat great mayb except homeless camp across street realli bother us room extrem old major renov urgent need current condit hotel realist expect posit experi hotel,0,NEG
locat winner love free spirit young vibrat love much design staff help love breakfast formal includ everyth could ask,0,POS
peke youth hostel wonder hotel stay welcom warm environ locat hostel brilliant right heart beij made sightse conveni staff simpli amaz alway readi assist make stay even comfort howev would benefit divers breakfast menu remain somewhat unvari throughout stay,1,POS
good choic breakfast excel locat overpr lacklust servic room face main street extrem loud due traffic nois overpr qualiti offer,1,NEG
everi thing superb absolut amaz posit vibe,0,POS
adveniat pari provid excel stay trip locat fantast right heart pari accommod clean quiet comfort staff care patient help go extra mile ensur pleasant stay realli much fault though mayb littl varieti breakfast menu would appreci,1,POS
staff rude,0,NEG
hotel locat close citi center made explor bucharest easier accommod left much desir bed uncomfort nois adjac room hallway audibl disturb sleep addit hotel hygien standard mark bathroom seem superfici clean towel feel fresh breakfast basic lack varieti,1,NEG
amaz locat also far enough away nois get good night sleep room littl small pretti standard seoul,0,POS
great locat close restaur market room much smaller anticip breakfast standard quit bit nois neighbor room,1,NEG
locat ideal room small overal impress instal hotel need overal refit slow elev small recept charmless floor,0,NEG
must admit stay hotel gangnam seoul fantast hotel one conveni hotel citi easili access mani icon tourist spot staff profession extrem help alway readi settl issu smile room well design clean comfort offer wonder panoram view citi last least breakfast extens appet someth cater everyon tast hotel slightli difficult initi access first time visitor due locat uphil might need use map take taxi familiar seoul,1,POS
hotel locat quiet area metro line km walk restaur near corner good breakfast big room need insid even iron plu board easi take taxi traffic nice hotel staff recept restaur toilet door facil littl old work well bath tub curtain shower box,0,POS
hilton garden inn washington dc downtown wonder experi staff alway courteou quick assist room accommod equip necessari amen provid comfort stay local great nearbi major attract easi access transport minor nois street peak hour howev affect stay hotel control experi delight,1,POS
locat citizenm pari champ ly es undoubtedli best featur situat right heart citi despit excel locat overal servic facil hotel profoundli disappoint room bitterli cold heat seem function correctli call recept yield posit result seem understaf overwork breakfast offer simpli inadequ hotel price point stale pastri can fruit serv furthermor room pain small felt like shoe closet actual room,1,NEG
stylish modern design coupl attent staff enhanc stay motto hilton washington dc citi center conveni locat live area surround numer eateri cater tast cannot fault anyth place,1,POS
locat realli close main train line easi get main locat bathroom decent size good shower heat towel rack wifi good connect provid individu log code guest lot street nois busi neighbourhood surpris consid close train line arriv ask pay citi tax cash provid option pay card regardless alreadi paid onlin book com show invoic prove seem bit sketchi hotel stay trip offer choic pay card ad discomfort ask cash locat bed also uncomfort one side bed lumpi difficult get comfort,0,NEG
gener hotel washington dc provid except stay modern amen help staff conveni locat perfect spot trip room clean comfort quiet great respit busi citi street,1,POS
excel serv staff doormen receptiondesk bar great locat wonder renov main hall,0,POS
locat conveni public transport provid easi access citi sight level nois unbear time due thin wall wifi connect incred slow inconsist room dark enough light also cleanli accept standard,1,NEG
great littl hotel conveni locat close termini train buss underground close staff super friendli attent love littl roof terrac bar man late afternoon even chill air condit work fine room clean excel standard staff provid excel recommend good place eat mani short walk away stair access hotel lift upper floor also short flight stair littl bit small thu might hard mobil issu access,0,POS
stun architectur central locat servic lacklustr unrespons room cleanli meet expect wifi connect sporad unreli,1,NEG
staff hotel incred friendli welcom room clean comfort well equip hotel locat heart bucharest made easi explor citi surround hotel could improv breakfast option also wi fi connect room bit unstabl time,1,POS
everyth especi room big clean noth,0,POS
vibe amaz night live show rooftop everyon friendli help hotel welcom drink champagn one alcohol drink,0,POS
quiet insid hostel compar noisi street outsid locat pretti good well dirti bathroom lot mould hot water work properli one day cold water avail water come hot unabl take shower day reason next day return normal staff took authoris credit card full amount complet second transact full amount day still wait first authoris credit card complet fund becom avail pay room aud big nuisanc travel addit signag hotel chines charact read hotel polici read anyth mani year back stay close red lantern yha beij immens better experi,0,NEG
great attent staff well kept room fantast locat close popular attract public transport limit dine option hotel mani nearbi,1,POS
central locat wrong bed lot stair small ineffici elev hot water failur realli suit hotel dedic staff site,0,NEG
locat hygien bathroom spaciou breakfast small room,0,POS
absolut amaz friendli staff moment walk lobbi last second leav would go hotel visit pari,0,POS
room cozi well decor like clean warm cafe great staff love properti per se lack water disappoint especi sinc plumb washington known lead certain area pay basic necess complimentari box water littl buy walgreen street,0,POS
central locat beauti build room far clean staff unfriendli unrespons complaint lack room amen coffe tea make facil disappoint recommend hotel cleanli good custom servic import,1,NEG
hotel avenida gran v madrid offer truli delight stay locat incred conveni locat right heart citi room clean comfort provid great place rest long day explor madrid hotel staff friendli alway will assist make stay even better,1,POS
basic date clean shower flood bedroom hotel sort bed hard tire date,0,NEG
except clean friendli staff locat peac quiet still easi travel central rome pool outdoor area bonu none,1,POS
central locat cleanli servic poor,1,NEG
locat ne breakfast,0,NEG
locat commun,0,NEG
stun properti refurbish impress build much respect origin featur exactli need felt like queen foreign staff bar hotel rude disrespect would let go work countri live hope next time meet better staff,0,POS
stay night found comfort welcom space locat perfect right center bucharest breakfast includ room delight offer good select downsid bit noisi night due central locat,1,POS
central locat hotel plu fa ade build impress stay courtyard marriott washington downtown disappointingli inadequ room seem clean surfac settl notic linen well launder stain carpet room also quit noisi soundproof seem almost non exist addit room servic seem scarc issu bill took signific time rectifi furthermor wi fi connect frustratingli unstabl,1,NEG
well locat citi center plenti nice restaur nearbi friendli staff someth sweet breakfast would made perfect,0,POS
shower coat smell smoke alway staff understand speak english tri use mobil translat good,0,NEG
hotel quit impress lobbi staff front desk friendli room howev date poorli lit air condit effect bathroom lack basic amen towel provid worn breakfast buffet hectic limit choic restaur staff seem overwhelm although hotel well locat experi worth price,1,NEG
staff hotel great went beyond accommod stay friendli best commun despit inabl speak understand turkish first room c issu immedi move us anoth room overal would like stay locat pub restaur right outsid hotel mall within minut walk distanc c first room work c second room work extent,0,POS
love stay hotel minerv pari charm decor friendli staff fantast locat near notr dame plenti restaur option room bit small nois street,1,POS
noth pay everi littl thing hotel stay includ noth read top,0,NEG
berlin numa arc room apart prove ideal choic stay locat central conveni great access public transport interior room stylish clean well equip necessari amen slight downsid absenc recept staff help respons contact,1,POS
locat construct first floor,0,NEG
locat quit central near potsdam platz check process smooth room smaller expect lack amen bit nois street bed comfort,1,NEG
locat excel staff help singl night emerg stay look hotel noth say facil room smelt rather bad clearli histori water stain wall place,0,NEG
breakfast nice staff polit amaz accond fdacil awesom clean ebrythubg perfect rush,0,POS
locat great royal palac bukchon hanok villag gwangjank market within walk distanc km avoid room east side especi low floor see photo view window room rather unfair charg rate room tri get room chang success understand hotel book much advanc front desk peopl neither help kind give differ messag lot notic capit red letter give unfriendli feel notic recept book taxi notic shuttl somewher notic huge fine smoke room notic hous keep dish import inform phrase without shout written red capit letter neg form glori time hotel pass ca year ago chip furnitur dirti spotti carpet etc,0,NEG
self checkin easi quiet street pillow confort hot water first night heat work put air condit heat mode cold,0,NEG
eurostar berlin beacon luxuri heart berlin decor fascin breakfast delici servic impecc,1,POS
realli love locat axel hotel madrid right heart citi staff incred welcom help rooftop bar spectacular view room modern clean downsid slightli noisi street outsid realli affect stay much,1,POS
noth nice want someth cheap got someth cheap room dirti smelli sink leak shower cabin lot mould wall damag wire stick could safeti hazard entranc door close well air condit button miss could use one broken light,0,NEG
locat good middl night life expect bigger room sum money paid almost eur night ever one glass avail kettl water least one upon arriv pillow small add anoth would higher normal sleep relax,0,NEG
stay two night room hot ac work toilet leak staff get sort nd night found bug bother call luck get help locat good hotel poor servic condit room stay,0,NEG
nice clean room prompt help staff good breakfast food tast excel conveni locat walk distanc metro station close new delhi station also overal excel stay room bit small construct make path metro hotel bit inconveni food varieti dinner could increas,0,POS
locat amaz difficult beat honestli staff nice help especi front desk person blue hair recal name unfortun breakfast also good divers sorri say like decor one bit look like cheap brothel room advertis doubl tini even open regular size suitcas floor anywher els dark felt almost like cave bathroom weird without proper door lightn also weird big pink neon bed turn without kill whole electr room ac bare work degre madrid time die middl night roof top bar overcrowd liter flood chair lounger difficult move around,0,NEG
charm decor help staff prime locat noth signific mention,1,POS
great central locat elev room smell like dirti feet elev tini could hardli fit person one piec luggag room smell like dirti feet dirti sock bed sheet also smell request chang smell still even window open smell persist closet door therefor cloth smell like room would recommend definit would stay,1,NEG
hotel clean insid staff mostli nice locat good min walk metro air condit room work fridg phone call recept air exchang toilett suffoc night everi agent recept take note asid mayb went check noth chang pay stay upon arriv refund made us end stay inconveni ask send email manag hope someth accept paid hotel suppos ir condition got unfortun hot wave pari got week disappoint,0,NEG
great locat close attract good road clean hotel help staff room littl small perfect purpos,1,POS
clean larg enough nice staff small issu solv immedi rooftop terrac fantast spend summer even would good small folder instruct use wash machin shop neighbourhood get home late call case troubl etc usual staff hotel provid,0,POS
linen towel horribl,0,NEG
locat conveni especi busi travel short drive airport busi district despit conveni locat soundproof need improv noisi surround disrupt sleep multipl time staff prompt attent would expect luxuri hotel room clean seem smaller compar pictur onlin attent detail would make world differ discern travel,1,NEG
fantast locat heart madrid stylish chic decor adult polici add extra seren rooftop bar provid great view could use varieti breakfast menu,1,POS
oh shower staff attitud help,0,NEG
locat staff nice warn complet construct lobbi complet torn apart adjust price room offer free breakfast take want look complet construct zone residu dirt leav matter warn site book com construct entir lobbi involv quit shock would even open mention nois week unprofession unpleas,0,NEG
hotel intern inn offer free shuttl servic airport conveni long journey staff friendli made effort help us need room unfortun comfort expect quit small littl natur light air condit cool room enough made stay uncomfort cleanli anoth issu concern us stay bed sheet bathroom standard addit hotel locat appeal dine shop option nearbi area,1,NEG
exe intern palac charm vintag vibe room except clean staff friendli hotel situat conveni locat close sever notabl tourist spot local eateri downsid lack fit center rome spectacular sight made exercis,1,POS
great locat near lot citi attract self check check super conveni room comfort littl kitchenett need like photo even paint day total satisfi stay fulli enjoy breakfast healthi one ok,0,POS
staff locat amaz,0,POS
comfort bed friendli staff conveni locat close metro get bit noisi even bar downstair noth extrem,1,POS
locat great quit close forbidden citi common area chill home bed realli hard uncomfort bathroom could cleaner kitchen facil quit poor wifi servic terribl slow stay,1,NEG
clean room feel welcom self check staff avail,0,NEG
conveni locat next seoul station room littl small bit outdat bed comfort wi fi intermitt best also servic restaur slow food quit mediocr,1,NEG
locat perfect right heart citi staff fantast enough help room modern clean comfort breakfast could use varieti,1,POS
locat perfect staff friendli breakfast good,0,NEG
perfect locat clean place staff perfect helpful noth,0,POS
good locat room comfort staff kind recommend,0,POS
hotel locat superb easili access room immacul clean everi day servic staff except food offer especi breakfast buffet delect wide varieti wifi connect sometim slow unstabl,1,POS
design room kind help staff excel locat right citi center lack dedic park space,1,POS
like locat bed sag furnitur facil old staff friendli insuffici wardrob space realli annoy woken call ask whether housekeep skip morn despit disturb sign ask fill feedback form start check order us get room slightli earlier ridicul ask put rate feedback hotel tripadvisor feedback form even gotten room yet like ask us help give fals feedback,0,NEG
breakfast excel noth,0,POS
locat room ac way loud staff friendli,0,NEG
excel locat kind respectful staff complet silenc night nice breakfast recom place breakfast tabl fulli clean went drink also return envelop throun away thought rubbish bit happen anywher impact overal evalu,0,POS
locat dark room furnitur cloth sunlight,0,NEG
locat dirti room carpert filthi,0,NEG
hotel great locat main appeal unfortun stay hotel eighti seven expect custom servic quit substandard staff seem indiffer guest engag help room clean could either dust corner bed wi fi also highli intermitt frustrat final wall seem quit thin could hear neighbor talk night would recommend hotel comfort peac stay,1,NEG
hotel nice recept area good locat within walk distanc shop center subway station downsid grand millennium beij lie primarili old outdat room stain carpet piec furnitur either broken state wear tear bathroom door would close properli call mainten fix besid despit label non smoke hotel could occasion smell cigarett smoke hallway pleasant experi say least lastli breakfast overpr offer,1,NEG
blncti hotel berlin simpli except room spotless staff cordial went way aid way possibl furthermor locat perfect right heart berlin easi access variou transport option local attract honestli noth complain,1,POS
locat hotel great realli love room pretti spaciou compar room hotel similar categori bathroom pretti spaciou clean well,0,POS
central locat easi access public transport comfi bed despit central locat overal experi underwhelm staff recept desk rather cold seem disinterest room servic quit slow food mediocr best room although clean basic lack charm would expect hotel calib citi like berlin,1,NEG
great locat step underground station hotel entranc cool contactless hotel experi recept staff like amazon shop base good mainten respect guest stay two differ room hotel journey ac room poor condit one work anoth work terribl nois use code locker follow instruct rule hotel tri unlock found code chang hotel without notic four guest locker room share issu took twenti minut send staff know noth ask us happen left get key ruin travel plan grab uber almost miss flight,0,NEG
great place stay night wait transfer long hour h transfer ankara glad could book hotel nearbi sleep taxi get airport quiet cheap breakfast great buffet take whatev want start earli earli flight room small clean bed comfi wi fi ok littl bit prici altern close airport expect,0,POS
pleasant experi beyond clean furnitur arrang find park space front build free center bucharest hard believ true morn rooster wake rooster aliv scream neighbor garden record tape even drink coffe terrac arrang roof build soft music coffe hous nice congratul case,0,POS
good central locat heart new delhi spaciou room nice interior custom servic extrem poor staff rude unprofession room provid dirti well maintain food averag way price wi fi slow inconsist make difficult simpl task onlin,1,NEG
locat hotel good close mani landmark popular site room cramp cleanli standard breakfast spread limit option wifi connect unreli also nois street quit loud night,1,NEG
embassi nord provid refresh breath modern histor bucharest room clean comfort thought design make cozi day explor particular highlight complimentari breakfast offer delight varieti local intern cuisin mention staff alway hand assist queri perhap could offer broader rang facil children improv check process bit slow tast,1,POS
clean room spaciou huge hostel peopl arriv alon usual hostel facil like kitchen event charg ridicul amount everyth room towel luggag store etc bar quit expens staff realli cold,0,NEG
locat fabul breakfast choic limit chose eat elsewher credit card refund hotel bill system complic appar check invoic didnt contain charg item unsatisisfactori,0,NEG
locat hotel quit central made sightse easier room extrem small bare room move around staff help dismiss attitud nois level hotel also high made difficult get good night sleep moreov breakfast option limit appet,1,NEG
hotel fifti five impress charm decor first thing notic modern contemporari design combin fine art contribut upscal atmospher room clean luxuri spaciou well trait often miss mani citi hotel also delight view rome vibrant street life histor build locat unequ posit near excel restaur shop key landmark citi everi explor seem short stroll away third aspect servic staff attent friendli help dine recommend help sightse experienc enthusiast realli struggl find downsid hotel mayb lack gym facil rome exquisit sceneri want stay indoor workout,1,POS
comfort room good breakfast good staff gave earli check locat good close two metro station book room balconi hadnt tooshbrush also written descript took euro monet money payment cash,0,POS
one night stay intern flight next morn room size fine glad mini fridg cool drink adequ electr outlet bathroom smaller suffici bed comfort stay longer one night would felt littl small breakfast good found econom reserv room breakfast includ custom servic point view front desk alway busi long line queue wish littl map area front desk attend could identifi restaur walk good littl restaur around corner found wonder tell us ask front desk earlier suggest mile walk shop commerc area side freeway prefer walk distanc issu best part us free shuttl airport would definit recommend hotel overnight stay,0,POS
impress superb locat charm thought decor staff attent help make entir stay pleasur hard pick fault room tad small,1,POS
entranc hotel look grand staff polit room outdat need renov signific cleanli issu especi bathroom stay worth high price,1,NEG
good access public transport make travel around citi easier room outdat somewhat dirti free wifi slow frequent disconnect though staff polit seem fairli inexperienc struggl adequ address issu,1,NEG
great locat hotel felt date room clean satisfact toilet constant run water sound room hot hvac work properli staff indiffer complaint,1,NEG
locat busi trip close cuatro tower good room,0,POS
hotel situat excel locat short walk old town room clean comfort facil need also commun area tabl sofa whole hotel modern feel staff friendli let us store suitcas hour free charg hotel name impli locat upstair problem us may one peopl disabl lower level fit breakfast could done bit choic,0,POS
hotel staff cooper friendli comfort soft bed tea coffe avail common place open area insid hotel compound noisi expens sinc book outsid india transpar glass panel next door compromis privaci somehow slim curtain move breakfast good window,0,NEG
hostel central locat well suit sightse beij citi locat hostel conveni overal experi subpar room well maintain cleanli room bathroom also major concern simpli meet hygien standard staff warm support accommod lack profession decent custom servic unpleasantli internet connect also incred slow made plan next day trip difficult given experi would recommend peke youth hostel fellow travel,1,NEG
locat air con work temperatur room higher street,0,NEG
room realli comfort clean staff help friendli great locat center washington definit recommend,0,POS
locat heart dc beauti design interior poor room servic hous keep nois street unbear hard time sleep wi fi connect sporad kept disconnect,1,NEG
locat excel lot attract reach foot shop close etc excel size room well equip small pool top floor hot day enough cool towel suppli good,0,POS
locat decent close public transport local eateri although locat fine hotel subpar room outdat particularli clean staff respons concern overal ambianc hotel underwhelm addit wi fi spotti unreli,1,NEG
top roof bar dark room clean enough could see dust everywher shower plug take shower leg apart avoid feet stack water main attract around barcelona wake distanc also bodi mansion lgbt hotel mind would someon tell book check parent ask stay main pictur click name hotel show man bed poor mother almost headach,0,NEG
friendli accommod staff comfort room satisfi breakfast limit english speak staff,1,POS
facil quit old modern elev replac inconveni traffic poor approach would recommend friend stay,0,NEG
eurostar berlin excel choic anyon travel citi locat prime close busi district quiet enough get good night sleep room clean staff kind accommod breakfast well worth price offer varieti choic tradit option healthier one think particularli signific downsid hotel alway room improv found servic line one would expect hotel standard,1,POS
clean room excel custom servic central locat major sight bucharest hotel restaur also great food varieti nois lobbi area sometim reach room light sleeper request room away lobbi,1,POS
locat singl english tv channel tell custom book show address chines trip taxi nightmar room old smell smoke simpli unbear,0,NEG
proxim airport benefici make travel quit easi room notabl small food option hotel limit,1,NEG
enjoy close proxim airport friendli staff room also clean spaciou wi fi fast like,1,POS
air condit bad hot,0,NEG
locat love quiet neighborhood away hustl bustl citi center staff friendli help wifi servic bit spotti time could improv,1,POS
bed room comfort whole hotel clean locat excel access museum park rang shop bakeri,0,POS
amaz view madrid overpr servic poor english spoken staff room readi check time outdat decor star hotel,1,NEG
bathroom door close therfof order close need put bin front keep close,0,POS
staff help friendli locat perfect attend confer convent center mom son explor away restaur receptionist reserv friendli,0,POS
food morn bf keep proper way food juic etc v bad,0,NEG
locat hotel great right heart madrid despit great locat stay catalonia gran v madrid subpar room seem date visibl mark wall furnitur certainli match photo initi saw websit addit nois busi gran via street notic quit disturb bedtim lastli servic particularli friendli effici time felt like afterthought,1,NEG
locat good sightse shop servic poor room clean facil inadequ nois street notic soundproof room overal hotel maintain well elev alway busi,1,NEG
nice look hotel water turn brown come fix check day water stop work room half way shower wipe sop skin take long fix issu eventu water work bathroom sink turn brown,0,NEG
room clean staff friendli breakfast delici varieti option choos hotel also locat conveni near sever attract restaur downsid room bit small expect citi hotel,1,POS
hotel great spaciou clean room love pool staff super help friendli locat quiet part rome yet quick bu ride citi center wi fi connect littl bit unstabl occasion dampen overal experi otherwis excel stay,1,POS
holiday inn templ heaven remark hotel except staff locat stone throw away major attract offer conveni room modern spaciou well furnish made stay comfort hotel amen also commend includ well equip gym delight breakfast spread honestli cannot think neg,1,POS
central locat overpr offer custom servic appal internet connect dread slow,1,NEG
hive hotel modern aesthet much appreci locat conveni close train station within short walk distanc mani citi attract staff also courteou went beyond ensur comfort stay breakfast select bit limit wi fi connect could improv howev minor issu compar overal excel experi,1,POS
normal room sheet pillow mark previou guest unexcept need make sure put new sheet rather use old one mark stay good tho staff great food realli good,0,POS
self check easi fast room privat toilet room use bathroom restroom left morn use restroom toilet paper,0,NEG
hostel conveni locat near tiananmen squar forbidden citi staff friendli free pancak breakfast nice touch room could use updat bathroom cleanest,1,POS
locat good close metro guy recept cool help rude unhappi us moreov room clean weird smell,0,NEG
central hotel trademark collect wyndham bucharest fantast stay hotel incred spaciou clean modern design room comfort quiet provid excel night sleep staff except help went beyond ensur comfort satisfi stay breakfast provid tasti good varieti locat unbeat right heart bucharest easi walk mani sight restaur shop truli neg remark make stay superb,1,POS
great posit sightse near white hous nation monument staff incred friendli help downsid breakfast includ plenti place nearbi eat,1,POS
inn hostel provid comfort cozi stay experi warm atmospher friendli staff locat great close mani point interest ankara wi fi bit inconsist time major issu,1,POS
hotel proxim citi center quit conveni hotel room clean dust notic surfac bathroom standard either nois street disturb night make hard get good night sleep addit staff friendli help issu brought attent,1,NEG
front offic manag mr aykut help nice room comfort housekeep effici rana staff breakfast room friendli hardwork breakfast includ scrambl egg boil egg got bore offer ok day stay day toilet tissu box,0,POS
perfect locat staff kind help clean wonder,0,POS
great locat stay explor rome excel pool kid noth,0,POS
locat next metro take anywher need berlin check easi room clean extra gift insid warm light option appreci well noth come mind,0,POS
room spaciou well maintain view hotel beauti food restaur good servic excel perhap improv wi fi servic would make stay even better,1,POS
nearbi train station surround place quit ghetto need extra careful stuff,0,POS
eurostar madrid tower hotel place worth stay amaz room come deep bathtub quiet environ eye captur citi view staff friendli alway will help situat locat bit far citi center everyth els perfect,1,POS
locat quit conveni unfortun room unsatisfactori state unrespons staff inconsist room servic,1,NEG
hotel locat good hotel room realli good stay suit balconi breakfast good bar stuff restaur super friendli help would like point ukrainian girl bar marian head waiter gabriel help us bag friendli stay would greet us love chat us stay mani star hotel never met bad recept concierg stuff travel stay friday till late monday afternoon arriv receptionist cold unfriendli feel welcom went room stay suit balconi saw greet card fruit platter cake platter look open greet card say intend total differ custom mr x look gift platter fresh anyway guess one bother clean previou stay walk recept gave recept guy card took laugh told us even apolog time came back room earli even get readi fruit platter taken away guess import previou person get greet card fruit platter saturday morn get readi head notic tea spoon tea bag room walk ask recept miss basic thing room promis deliv apolog rather annoy bother took hour deliveri two spoon tea bag room tri tell us see etc deliv complaint loos patienc overal hotel good room design bar recept stuff absolut horribl recommend stay hotel dont need anyth recept otherwis unpleas experi friend go romania soon definit tell stay away hotel visit bar within hotel,0,NEG
decent locat friendli staff room seem outdat smell mildew somewhat shower drain work properli water leak onto bathroom floor make potenti hazard despit repeat request issu address promptli hotel restaur accommod dietari restrict well,1,NEG
locat great staff hospit friendli profession check time view good kept curtain close avoid see age build came quirk like sound water run pipe day night easi sleep also hear everyth,0,POS
locat right hard find satisfactori hotel foreign also state china mani option servic good housekeep forgot provid daili includ stuff room everi day provid stuff alway forgot least someth even though call ask recept everi even came back stuff late provid necessari stuff despit fact call remind sever time everi day besid facil good condit exampl fridg work enquiri check said work second day still work final chang fridg detail made stay unpleas,0,NEG
perfect sray hit airport supernic sraff excel bed matress sometim airport hotel terribl place surround beauti want especi thank staff april th bc help love miss flight,0,POS
minor staff help support famili adult children book room room given separ floor check manag staff will alloc least room floor even avail acc function properli room call multipl time ask fix end noth final room chang given room minut midnight,0,NEG
locat excel attract nearbi staff friendli room clean elegantli decor art piec swim pool,1,POS
stay hotel opera new delhi noth short amaz moment step receiv warm welcom friendli staff room spaciou clean comfort necessari amen moreov central locat made conveni us explor citi breakfast delight varieti local western cuisin cater tast prefer noth worth mention,1,POS
staff gener friendli respons hotel room dire need refurbish furnitur old carpet damp give room musti smell even though non smoke room found cigarett burn carpet heat system inconsist blow cold air even ask warm breakfast buffet quit disappoint limit choic price make matter wors view room toward old build quit let consid prime locat expect four point sheraton,1,NEG
locat unfriendli staff pictur depict,0,NEG
locat size refriger work replac also work elev slow,0,NEG
spaciou room layout staff accommod unprofession room cleanli fell short see dust bedsid tabl,1,NEG
close proxim airport benefici experi hotel intern inn pleas recept impolit unhelp start room provid clean clear trace last guest stay food poor qualiti tast wi fi signal imposs catch highli inconveni make transit plan lack hot water made imposs comfort bath,1,NEG
locat central apart quit conveni place heart bucharest unfortun overal experi lack room fairli underwhelm lack home feel bed uncomfort provid kitchen util subpar best room properli clean upon arriv made entir stay uncomfort custom servic unsatisfactori complaint seemingli fall deaf ear,1,NEG
fairli clean park nightmar regular car cannot enter underground park faulti design access steep park front hotel outsid,0,NEG
locat great unfortun bathroom clean much ant insid bathroom,0,NEG
conveni locat airport accommod staff none mention,1,POS
rooftop pool plenti seat view incred sunset close sever attract train station great shop help friendli staff porter excel limit water pressur shower took minut warm water come,0,POS
locat shower staff clean split bed mattress,0,POS
stay bloomroom new delhi railway station incred locat perfect train travel room clean modern larg big comfort bed staff alway friendli avail help queri breakfast offer wide varieti indian western food beyond hotel bustl street new delhi step away offer real tast india downsid nois train understand hotel locat near railway station,1,POS
friendli staff help want book ticket sight awesom rooftop nice vibe whole hostel plant lot wood good locat even though bit tourist curtain bed necessari lot intern guest differ sleep schedul due time shift flight shampoo,0,POS
properti perfect locat everyth walk distanc,0,POS
like hotel swim pool money taken us without us know pay alreadi given everyth give book com poor commun staff ladi took money us poor languag statement understand pay,0,NEG
histor build central locat hotel stun unfortun servic level experienc difficulti upon check room readi standard check time room smaller advertis lack basic amen like coffe maker despit numer request issu address time manner notic level nois street made hard sleep comfort,1,NEG
great locat great breakfast good base explor delhi,0,POS
complimentari breakfast nice touch staff rel respons room ud villa scandinavian b b live expect pretti run worn furnish ac unit room work intermitt made uncomfort stay swelter delhi heat apart promis scandinavian ambianc non exist amen far advertis,1,NEG
room spaciou comfort also hot berlin import big window hostel could open bathroom clean kitchen fridg also nice necessari accessori,0,POS
locat redeem qualiti room terribl small bed uncomfort wifi bare work custom servic sever lack price hotel simpli live hype standard comfort one would expect,1,NEG
locat hotel fantast plenti attract nearbi unfortun staff pestana cr gran v madrid underwhelm us servic seem uninterest busi thing lack attent left us feel neglect stay room layout odd spaciou photo suggest furthermor issu cleanli bathroom nois street also quit disrupt night,1,NEG
clean great staff welcom help perfect locat sight restaur,0,POS
room small breakfast good locat good,0,POS
locat good find way underpaa realli good breakfast gener hotel facil stay properti twice first time stay decent howev second time got terribl room room smell badli told front desk sent someon spray condition offer chang room room humid bed wet humid point uncomfort sleep shower pressur amaz got insect bite wrist,0,NEG
room spaciou cleanli left lot desir staff help,1,NEG
receptionist super nice locat ideal bed super comfort,0,POS
easi access public transport room cleanli mark musti smell come bathroom bed linen towel provid dirti poor custom servic lack prompt resolv complaint breakfast appeal limit choic,1,NEG
modern build good locat air condition work staff care fix give altern explan middl summer degre celsiu scald room ac accept,0,NEG
travel teenag daughter realli enjoy room super clean comfi housekeep good job friendli receptionist help speak english amaz dont speak spanish hotel locat perfect view roof top gran via street close famou madrid place highli recommend regard,0,POS
easi access airport perfect earli flight staff amic alway readi assist room clean comfort everyth need comfort stay restaur menu could bit vari minor issu consid overal excel servic,1,POS
conveni locat citi center room extrem basic felt like due renov air condit ineffect difficult heat lastli breakfast disappoint enough varieti hotel standard,1,NEG
incred locat short walk georgetown spaciou room friendli staff view hotel amaz overlook citi,1,POS
locat great public bathroom realli clean much privaci smell cat litter common room realli strong,0,POS
locat prime delhi fairli decent room qualiti poor worn furnish insuffici light also level custom servic left lot desir mainli due languag barrier,1,NEG
help staff great locat nice room realli anyth,0,POS
locat fantast access roof top bar prioriti staff realli unquestion pool bit small idea excel think bar othersid music sun lounger would realli good idea could even smaller splash area younger kid use space bit better,0,POS
central hotel featur comfort room hospit staff perfectli situat close local attract breakfast also rich delici littl noisi due central locat,1,POS
bed ok room spaciou room condit way wors pictur properli clean even towel bed linen find small cockroach bathroom smell good half plug work,0,NEG
fantast stay amano east side berlin hotel conveni locat near mani citi attract transport link make easi explor citi room clean spaciou sweep view citi staff incred hospit make feel home stay onsit restaur serv superb meal ad overal experi improv wi fi speed would appreci better video call,1,POS
hotel conveni locat myeongdong mere minut walk conveni store coupl minut bustl shop market minut walk subway staff profession warm english servic commend complimentari breakfast fill vari daili wifi room rather weak time,1,POS
hotel locat close citi main attract servic hotel cinnah far satisfactori moment check front desk staff unhelp dismiss wifi frustratingli slow make imposs get necessari work done room clean properli leav disappoint experi overal say facil pretti run could use seriou refurbish,1,NEG
staff okay overal set room chavi sadli learn hotel bad reput town didnt know whilist book,0,NEG
comfort bed nice bathroom also like architectur hotel breakfast includ price room opinion extra cost person breakfast realli high,0,POS
locat beat right subway station wangfuj street build show age area,0,POS
locat gritti seem sketchi night ac work worst wifi work room aw would never stay wifi locat work ac,0,NEG
clean great locat wifi bad,0,POS
hotel averag staff racist unfriendli,0,NEG
posit proxim central part ankara outdat room disappoint poor air qualiti ventil servic less ideal could definit use improv overal amen also lack compar hotel area,1,NEG
hotel modern decor great locat near old town staff friendli room clean arriv sound proof poor could hear nois street peopl hallway hotel small elev inadequ number guest caus long wait peak hour bathroom poor light make difficult get readi morn,1,NEG
place close metro station approx min jinshang park terrac basic good enough chill night bed comfort staff speak english plu everyth met expect complain,0,POS
street park avail overnight easi drive citi help staff allow us drop luggag earli close trader joe groceri noth,0,POS
hyatt regenc delhi luxuri vibe ambienc seal deal room spaciou comfort bed qualiti work desk perfect busi travel impress high standard cleanli room servic qualiti staff top notch howev wi fi hotel inconsist time might inconveni guest,1,POS
guo ji yi yuan hotel beij truli outstand servic warm welcom staff room clean spaciou well furnish locat heart beij amaz experi explor citi eas due hotel conveni locat,1,POS
breakfast excel rootftop room musti poor facil,0,NEG
spaci room good start point explor close bahn lock key work gave us anoth room two day tri solv problem unpleas staff one other nice help specif one gave bitter tast stay hotel argu instead solv problem other total differ,0,NEG
locat hotel intern inn definit perk incred close delhi airport use earli morn flight unfortun despit conveni locat cleanli par linen towel seem quit old worn made uncomfort stay also experienc quit bit nois neighbour room disrupt sleep wi fi connect also inconsist caus us addit inconveni,1,NEG
small clean hotel central locat friendli staff delici breakfast excel valu money noth perfect,0,POS
didnt breakfast view,0,NEG
good locat clean spaciou room comfort bed tea coffe amen room,0,POS
hotel staff incred accommod friendli locat central hotel excel close mani citi attract room clean comfort provid good night sleep breakfast select could use varieti wifi tendenc drop intermitt,1,POS
outsid citi centr easi commut main attract also give place relax noisi street staff great readi help room big comfort breakfast tasti fresh,0,POS
except custom servic tast decor room hotel architectur beauti quit impress slightli expens dine qualiti match price,1,POS
hostel near interest place atmospherei realli friendli kid men still kid love babyfoot xbox breakfast reali good lot place outsid dinner small fridg room would great keep fresh water,0,POS
breakfast vast vari staff quit friendli will help hotel locat decent nearbi attract room soundproof hear hustl bustl street realli disturb clean servic mark found dusti area room definit worth price,1,NEG
grand experi grand millennium beij strateg locat immacul room outstand custom servic hotel deliv excel level food select impress mouth water also appreci friendli knowledg staff went way make stay comfort possibl definit recommend place other visit beij absolut noth mention stay flawless,1,POS
central pari specif locat busi grung portion citi feel safe would recommend properti,0,NEG
bed comfort staff help support locat minut bu ride citi center,0,POS
locat good room nice room anoth build run meention possibl websit book pass overfil bin crack plaster wall chip stair isnt expect star hotel,0,NEG
hotel maintain prime locat close major attract staff courteou help room spaciou clean provid comfort stay breakfast option could vari cater broader palett,1,POS
breakfast includ surpris,0,NEG
bed comfort despit close airport nois level airplan intoler staff seem care guest satisfact custom servic poor room also inadequ clean make stay uncomfort,1,NEG
hotel quit near templ heaven within walk distanc subway station room size accept worst part food breakfast limit western option tast daili varieti clean servic best either bathroom room sometim left unclean room replenish toiletri regularli internet connect slow,1,NEG
alpi hotel boast incred profession staff welcom attent room impecc clean breakfast delici lot varieti proxim roma termini station make easili access find anyth neg,1,POS
hostel staff incred friendli help locat superb right heart citi room clean well maintain bed bit hard still manag,1,POS
hotel locat close tourist attract commend hotel exe intern palac live expect set grand name room outdat peel wallpap question cleanli throughout request room servic met long wait time subpar food qualiti internet connect frustratingli weak make imposs conduct necessari work research nois level also unaccept due poor soundproof annoy road traffic staff lack warmth attent detract overal experi,1,NEG
great place stay catch train earli morn clean love comfort bed simpl function safe think breakfast could includ current price,0,POS
micro room conveni locat bed comfi loud coffe avail til til someon either unprepar lazi make show rememb last time stay hotel coffe avail,0,NEG
locat view room room clean boxer closet,0,NEG
appreci central locat histor build unfortun found hotel greatli lack term custom servic cleanli room well maintain broken fixtur notic dust dirt moreov staff unrespons request assist lead frustrat disappoint stay would recommend hotel travel,1,NEG
cute restaur leak shower come floor,0,NEG
novotel beij peac locat conveni part town near shop dine area room clean comfort spaciou also equip modern function bathroom staff friendli help provid excel servic downsid breakfast dine area bit small get congest peak hour,1,POS
locat good quiet room old fashion tire look shower cubicl leak badli breakfast underwhelm limit select,1,NEG
get follow treatment ask welcom drink arriv date eleg small gift come match mail say feel cheat,0,NEG
clean comfort heat room air condit seem work well book room adult children hotel night cruis night cruis time went check told room peopl even though clearli book room peopl first occas staff recept came across rude act like fault hand girl passport rude said given passport room peopl thank book email phone spoke colleagu italian aggress tone made feel uncomfort said upgrad doubl room felt make grand gestur fault hotel advertis famili x larg room accommod actual one return trip got answer recept member staff bit courteou situat,0,NEG
pictur show spa one reason chose hotel howev put room across road main hotel complain stench drain accept final move night stay steam room salt room work disappoint,0,NEG
room clean staff locat near train metro station,0,POS
locat great staff friendli helpfu sign neglect everywher broken sconc room hole wall crack sink housekeep leav clean product laundri room clean room follow day leav item room lobbi construct help twin bed queen would much better experi sleeper chef open sheraton grand qualiti room servic experi drop level sad see,0,NEG
lobbi hotel quit welcom locat quit close templ heaven room felt quit outdat worn furnitur air condit system ineffect make room uncomfort warm furthermor staff profici english caus lot commun issu usual standard come expect holiday inn express,1,NEG
actual quit big hotel spaciou lobbi loung room decent size person think place much better repres pictur also aircon room realli nice entranc quit dark night,0,POS
larg confer hotel help friendli staff main issu estrel berlin room clean upon arriv hair bed trash empti weird smell bathroom plu wall thin could hear everi convers room nearbi mini bar fridg work properli varieti food avail breakfast limit feel fresh made stay quit uncomfort would recommend hotel other,1,NEG
locat poor facil poor addit servic room small compar price star hotel amen toothpast toothbrush mini bar breakfast terribl poor option,0,NEG
love staff facil comfort locat overal stay level profession attent detail everyth,0,POS
hotel conveni locat heart beij close proxim major attract busi district room spaciou tast decor modern amen one could need staff incred help servic top notch site restaur offer varieti cuisin cater tast bud enjoy stay,1,POS
locat locat locat old broken facil chair broken aircon run fresh air highest temperatur room degre pool fit centr open,0,NEG
kahveci haci baba cafe room dirti staff friendli,0,NEG
friendli help staff,0,POS
hotel modern design locat trendi area mani dine option around close metro station make easi explor citi room smaller expect hotel staff help could nois street room quit disrupt night,1,NEG
room spaciou clean well equip comfort bed modern facil hotel locat stellar right heart madrid excel access top tourist attract shop vibrant restaur scene rooftop pool bar offer truli stun view citi minor point improv would slow servic recept peak check time,1,POS
locat bar need maintin,0,POS
terac amaz view staff realli help let common room earlier check time let stay common room check room also look baggag locat best locat ankara safe easi get around im sure clean enough especi didnt like bathroom toilet mean dirti facil vise bathroom toilet could better also room floor clean,0,POS
locat room noisi due lack sound proof bathtub clog water drain elev small felt claustrophob,1,NEG
locat heart pari conveni within reason distanc sever tourist spot make travel arrang rel simpl unfortun overal experi less enjoy room poorli maintain wallpap peel place incess damp smell hotel staff exhibit lack profession seem indiffer concern need amen offer also far one would expect hotel categori wifi errat breakfast spread meagr lack varieti,1,NEG
local marketplac within reason distanc room clean well upon arriv wifi inconsist throughout stay air condition room bare function made experi hotel less pleasant given intens heat new delhi,1,NEG
stay grand millennium beij truli unforgett locat perfect heart bustl citi walk distanc numer attract room comfort well equip amen staff extrem profession hospit alway eager answer question provid servic breakfast buffet highlight wonder array intern local option cater tast honestli anyth fault stay,1,POS
hotel breakfast accept front desk staff particularli welcom effici room look worn seem clean add air condit quit noisi made sleep difficult,1,NEG
decor hotel modern aesthet pleas situat prime locat airport travel despit great locat pleas decor servic left much desir front desk staff attent room servic abysm slow room although expans show sign wear tear internet connect weak unstabl make difficult get work done even basic brows addit food qualiti need improv consid price point experi realli par,1,NEG
hotel great locat right heart citi room nice view citi disappoint heat room stuck degre celsiu solut staff open window citi popul seoul far perfect drain shower also far perfect end stand dirti water everi time breakfast ok food often cool even earli morn food serv everi day wifi also sever lack room,1,NEG
everyth good peopl hotel friendli like hotel atmosfer thank much noth,0,POS
free park old fashion decor date facil rude staff untidi common area distant locat citi center,1,NEG
hotel mimosa give uniqu quaint vibe perfect pari experi staff member extrem friendli help room cosi clean well equip locat also ideal close lot popular place interest hotel elev may inconveni,1,POS
amaz hotel prime locat variou interest sightse place close short walk metro station servic excel profession polit staff room spaciou clean well equip immens comfort breakfast buffet delight offer good rang food option properti bit date minim downsid complet overshadow excel servic hotel offer,1,POS
hotel conveni locat close proxim major attract recept staff friendli tri best assist us room much smaller expect pictur nois street quit disrupt throughout night air condit difficult regul bathroom bit outdat shower lack consist hot water,1,NEG
locat breakfast cleaner rather weird threw away sleeper shower gel everi day receptionist speak english call ask bring sleeper understand word translat turkish twice terribl blockag sink ask receptionist fix came back room noth chang strong smell sewag bathroom,0,NEG
great locat friendli staff help arriv realli earli made q room avail us help us organis train next destin kind,0,POS
locat conveni situat close tourist spot unfortun stay hilton garden inn pleasant room mediocr condit upon arriv worn furnitur carpet furthermor housekeep sporad often forget stock room clean towel toiletri nois seem big issu due thin wall floor could hear neighbor convers nois clearli inconveni top staff appear untrain unprofession help ask assist display poor custom servic attitud overal experi live expect hilton establish,1,NEG
locat good could walk landmark easili close termini station hotel definit none electr room work stay last night tv stop work free water degre day pay extra use facil e g gym realli includ price area hotel situat disgust much rubbish everywher nice walk night lot homeless around come back,0,NEG
staff somewhat friendli though effort enough compens overal poor experi commun area clean room cramp much nois street guest bed uncomfort breakfast offer averag,1,NEG
small comfort quiet room clean central posit suitabl discov pari foot good breakfasr friendli staff,0,POS
great wall hotel beij exceed expect room clean spaciou well appoint locat also fantast stone throw away beij major attract staff friendli courteou went way ensur stay comfort bit difficult commun staff due languag barrier greatli impact overal experi,1,POS
good locat nice area full cafe bar recept staff rude unhelp greet welcom despit convers ladi recept perfect english tell could room time check littl later ask front door would lock night enter seem lost english want speak whole hotel tire problem consid cheap price whole place also need good clean,0,NEG
room toilet big spaciou bed super comfi breakfast good varieti,0,POS
hotel basic extrem clean tidi locat great see major attract foot park easi hotel rate local car park would nice room coffe tea facil major issu,0,POS
hotel locat conveni view nice room dusti seem like clean well bathroom outdat need renov custom servic par staff friendli help lot nois hallway night made sleep difficult,1,NEG
great locat right next gran via breakfast nice expens realli bad hotel staff unwil help use hotel park ask could get time confirm one day need use car get parqu warner pre plan construct invent happen park told warn anywher recept told us could remov car beg construct crew remov stuff could get almost lost ticket ruin vacat second occas warm babi food pm receptionist told us come would use microwav kitchen close time everyth good second receptionist third receptionist refus even told whole situat made go rooftop bar look cook came back ask second time instantli let know could alway could done want help,0,NEG
staff noisi pipe bathroom air condition view promis book,0,NEG
great locat clean apart overpow smell damp also felt damp though unus time includ bed unawar book basement natur light bathroom sink leak shower turn bathroom wet room overal disappoint,0,NEG
love locat central establish clean staff friendli room surprisingli small expect space nois room quit audibl quit disturb also wifi connect best,1,NEG
small kitchen extra room bathroom bedroom mirror vaniti smell hallway,0,POS
check person help card work first abl fix common area hotel comfort well design pool look nice get chanc swim great breakfast spot lobbi paid superior king websit describ king size bed howev mattress actual two smaller mattress push togeth worn differ big sink hole middl kept fall night get good night sleep feel rip think stay would suggest queen bed instead,0,NEG
breakfast place attach hotel good milk sugar coffe rent pocket wifi walk around citi use phone took long time set bedsheet rip stain sheet pillow carpet wall toilet clean outsid bowl wall thin could hear person next full convers phone slam door headboard would rattl wifi confus room router least scroll find one assign room,0,NEG
clean comfort hotel surprisingli spaciou room locat manag staff extrem accommod made stay delight surround neighborhood littl bit busi locat conveni sightse tri local cuisin,1,POS
axel hotel madrid adult paradis conveni locat within walk distanc major key site properti featur welcom atmospher chic design staff member delight incred attent immens help cater everi need made stay unforgett facil top notch well equip fit center fabul rooftop bar stun citi view fantast restaur room spaciou comfort beauti appoint mani downsid unless adult premis restrict famili kid also bear mind bustl locat light sleeper request room away street side,1,POS
cool well decor especi price staff spoke suffici english includ breakfast local restaur food realli good menu morn sandwich larg cooki tasti want eat everi day,0,POS
locat fairli central easi reach hotel feel significantli run insid staff member particularli help open provid assist paradox wifi almost non exist despit list facil room clean albeit worn need renov avail amen within room basic dine option limit underwhelm tast,1,NEG
tradit courtyard set certain charm locat heart hutong appropri given age histor signific hotel staff struggl commun english cleanli issu room especi bathroom lack modern amen made stay less comfort addit wi fi quit unreli hotel meet standard luxuri establish promis,1,NEG
central apart bucharest hidden gem apart spaciou well appoint offer unbeat central locat staff friendli profession alway will assist travel would also appreci clean comfort live space make pleasant stay citi hard find downsid howev park bit tricki larger car worth keep mind,1,POS
first thing first manag team except job welcom us make us feel home profession knowledg alert team thank much jaim mike ivan except support recommend hotel locat central locat walk distanc sol attract modern vibe beauti pool skybar top enjoy drink madrid view long day room charm spaciou overal highli recommend back absolut noth,0,POS
price high within space,0,NEG
new park hotel situat conveni locat within ankara sadli hotel meet expect unmaintain facil outdat decor lack cleanli signific issu custom servic also far adequ disappoint valu money,1,NEG
hotel good locat close shop restaur room far hot way cool window open air condit work properli also breakfast limit especi vegan lastli wifi connect realli poor would recommend stay work,1,NEG
staff hotel breakfast varieti qualiti outdoor swim pool quiet hotel good mattress sleep artwork hotel usb port room recharg phone,0,POS
conveni locat neat clean room friendli staff noth signific report,1,POS
comfort bed ask extra bed daughter beforehand room bed need ask wait bed arriv room realli dirti floor bathroom wall arriv garag close recept send us nearbi garag cost euro hotel worth money,0,NEG
clean function close convent center coffe maker room,0,POS
great spot great view realis wet stain outsid bathroom size bath mat signific check late night readi bed want chang room earli start report leav mistak hotel lost interest money mirror filthi someon els toothpast unaccept cost disappoint promis respons manag tri three time get resolut respons never receiv copi receipt,0,NEG
hotel locat access conveni near citi center view rooftop bar splendid room soundproof made stay quit unpleas due ongo nois outsid traffic adjoin room custom servic standard cleanli room common area need lot improv hygien need given import lastli breakfast limit option pretti mediocr qualiti,1,NEG
staff friendli tri best hotel run room unclean strong odor smoke bed sheet towel stain air condit unit loud bathroom maintain well faulti plumb,1,NEG
stay novotel beij peac one word amaz hotel staff courteou help even assist us valuabl local travel tip breakfast buffet divers enough meet dietari prefer moreov room clean comfort offer splendid citi view perhap downsid would indic traffic nois daytim guess beyond hotel control,1,POS
quiet locat close mani import site big room friendli staff great valu money,0,POS
great locat bed comfi room spaciou plenti bench space like fridg wine glass access littl tea coffe station sink wash dish,0,POS
noth good word stay hotel gangnam locat fantast easi access shop restaur public transport staff courteou attent alway will assist room clean comfort spaciou downsid perhap limit varieti breakfast option small concern compar grand scale posit,1,POS
locat amaz close citi center access public transport staff front desk quit friendli tri best assist hotel noisi thin wall hardli possibl good night sleep room small climat control system satisfactori stuffi room cleanli bathroom question price think overr compar facil servic provid,1,NEG
conveni locat shop milieu public transport readili avail room condit could greatli improv felt rather untidi well maintain custom servic also unsatisfactori staff seem uninterest unhelp upon variou queri,1,NEG
locat decent close proxim notr dame hotel minerv highli outdat underwhelm custom servic room small state disrepair littl modern conveni nois street unbear made difficult get good night sleep,1,NEG
amen staff conveni clean comfort internet work well,0,POS
hotel well locat close seoul station room size gener bed extrem comfort staff profession welcom breakfast buffet quit expens varieti offer,1,POS
hotel thermostat work phenomen well bed extrem comfort staff friendli polit happi help room littl small howev still comfort,1,POS
great locat close mani attract poor commun staff room cleanli par amen lack,1,NEG
locat hotel great easi access variou hotspot seoul hotel staff often unrespons highli profici english made commun difficult addit room thoroughli clean lack mainten,1,NEG
fantast view citi room room smaller expect could deep clean breakfast buffet lacklust limit option staff although polit seem knowledg surround area ask recommend,1,NEG
great locat near vatican old town free park c realli lot especi room face afternoon sun true room sinc year absolut time get fix stay coupl time probabl come back stop tell peopl review much cherish option much look back proof servic plan chang right c work well issu still c comfort room temperatur get start washroom black mold corner shower easi fast fix manag would care issu sever room last year singl case occur time,0,NEG
close airport free shuttl nice tv bed nice bathroom smell like toilet back room tini real view anyth feel price could got better accommod marriott close,0,NEG
outstand servic comfort room excel locat limit varieti cuisin,1,POS
nice hotel clean,0,POS
locat great heart seoul lot shop pub around hotel nd staff work afternoon aug th great tri best fix air condition cannot fix propos new room quickli st staff work night aug th attitud good want fix air condition instead assum air condition set degre celsiu default,0,POS
great locat surround proxim kochstrass ckeckpoint charli u bahn station bu station eat spot nice design peac room highli recommend stay visit berlin aircon work effici perhap check besid nice,0,POS
recept polit staff rich breakfast terrif pool rooftop restaur beauti view delici food tourist plan use public transport citi centr practic took way long end use taxi littl bit pricey long term,0,POS
hotel near templ heaven conveni sightse room quit dusti clean done properli breakfast buffet limit cater well western tast front desk staff seem bit standoffish practic ignor hotel guest wifi connect also poor make difficult plan day keep touch famili back home,1,NEG
hotel interest locat situat near shop center restaur walk distanc hotel room adequ clean issu heat system room hotel build stay breakfast divers enough expect usual get holiday inn express hotel nois insul also pretti bad could hear peopl talk hallway also car nois outsid,1,NEG
great room size rate clean staff extrem respons polit good locat close main citi attract noth report,1,POS
hotel comfort like interior clean staff friendli food hotel also good hotel heart citi supermarket restaur nearbi also walk street around hotel room quiet warm air condition bathroom make lot nois rattl sound mayb fan faulti hope fix,0,POS
room spaciou sofa tabl cleanli miss wifi work eeri smell room enter,0,NEG
facil well maintain reserv unpleas experi guest would charg full amount authent refund two week check book com full amount room fee hotel pay upfront would charg actual amount charg hotel higher amount post book com make reserv could lock price unprofession servic,0,NEG
properti ok good space locat bad area,0,NEG
nice comfort stay proxim seoul station made travel easier,1,POS
great locat nice view roof top clean room comfi great restaur,0,POS
panoram view madrid high floor stun overal hotel experi disappoint room date clean expect food varieti breakfast limit custom servic lack attent hospit moreov locat ideal quit far citi center,1,NEG
weird clean smell small ant room floor old great four star hotel,0,NEG
near train bu station also min walk shop best part conveni store downstair hallway bit dark night,0,POS
size hotel room gener bright citi view bed clean comfort staff help subway line meter away make trip easi would definit stay,0,POS
great central locat within walk distanc attract hotel room small outdat sound proof minim nois guest disturb worth money spent,1,NEG
conveni locat next ku damm main shop street berlin hotel vivaldi offer clean comfort room staff courteou readi help request,1,POS
hotel avenida gran v provid except experi stay madrid room beauti furnish locat within walk distanc major attract,1,POS
locat great staff friendli breakfast good carri luggag stair,1,POS
later flight abl hold bag check properti look like imag old outdat fridg microwav room one commun microwav everyon use difficulti key tv park per night locat somewhat far metro entranc,0,NEG
exact good locat view room cctv tower site magnific breakfast splendid restaur th floor relax wifi work perfect like room clean bathroom nice big shower perfect,0,POS
estrel berlin hotel offer remark except experi superb room spotlessli clean well equip profession staff eager assist locat conveni easi access variou place interest berlin honestli found noth signific dislik stay,1,POS
view high floor hotel realli amaz locat quit conveni room thoroughli clean upon arriv disappoint reput hotel servic gener slow level english staff mark furthermor bed quit uncomfort caus back pain,1,NEG
locat great bed made seem sheet comfort,0,POS
noth small compact room,0,NEG
hotel conveni locat near transport hub custom servic poor room small quit noisi food bland overpr overal relax stay,1,NEG
spa love staff friendli room clean slide door need seriou mainten,0,NEG
excel buffet breakfast good choic hot cold dish breakfast room staff help friendli like outsid space breakfast room larg loung room ground floor good famili group meet greet comfort bed room unpleas black wall smoke mirror larg window possibl light deaden fine mesh cover outsid poor dim light useless shelf narrow write laptop stool chair limit cloth storag five night shower room tini black white poor mirror light best place make hotel lift bright light decent mirror bar mostli close guest privat parti difficult get drink night music nois made necessari close window get sleep,0,NEG
think locat excel also request room close togeth done extrem help meant time hotel conveni fun ask birthday cake could put larger fridg one room small staff help said ye straight way also request help room clean everyday well eventhough use vend machin lobbi extra toiletri seem like good idea eventhough differ cultur option breakfast good mani option choic restrict,0,POS
staff locat mayb hostel need think kitchen big issu,0,POS
nice properti room nice clean told hotel bring two small dog said welcom dog would small surcharg check said accept two dog room go speak manag came back said could stay surcharg per dog per night small surcharg fume show email point per night small surcharg close ask cancel book go find anoth hotel also ask email park told car park around corner small charg felt like shaken thiev,0,NEG
servic superb facil exceed expect love rooftop pool complaint whatsoev,1,POS
air condit great must juli clean comfort staff friendli great locat great restaur within minut walk eiffel tower block away highli recommend,0,POS
locat bed clean horribl,0,NEG
hotel locat pretti good close mani shop restaur howev stay hotel vivaldi berlin kurf rstendamm less satisfactori room smaller expect look noth like photo onlin cleanli hotel left much desir stain bed dust sever area room addit staff help friendli wi fi constantli disconnect breakfast provid poor qualiti due reason would recommend hotel tourist,1,NEG
friendli staff,0,POS
bad food food poison left pm th day check,0,NEG
everyth noth,0,POS
book paid doubl twin arriv given doubl charg doubl twin despit contact owner manag respons,0,NEG
enjoy hotel cinnah home atmospher warm welcom staff room spaciou neatli decor comfort bed unparallel breakfast highlight offer varieti delici local intern option prime locat nestl heart ankara made easi explor citi vibrant offer critiqu would wi fi connect occasion slow unstabl,1,POS
enthusiast staff assist check proxim two metro station wangfuj facil show age price expens comparison hardwar condit gym close whole stay,0,NEG
delici breakfast option close proxim seoul station would nice english tv channel,1,POS
staff help front desk staff,0,NEG
good locat feel beij spirit recept helpful friendli,0,POS
accommod nice beauti decor room lobbi area window view toward construct site,0,POS
clean lot nois never inform us breakfast includ price window like underground room,0,NEG
hotel silent comfort well locat cukurambar new renov lil bir problemat old room better,0,POS
locat excel easi access public transport nearbi attract servic staff also help polit breakfast quit basic could varieti,1,POS
hotel conveni locat room outdat clean hair bath carpet appear vacuum recent furthermor concierg rude unhelp problem charg card fail rectifi time manner overal custom servic provid poor warrant price would recommend stay beacon hotel corpor quarter especi numer option avail washington,1,NEG
hotel central locat room quit small nois street unbear time make hard get good night sleep also wi fi connect spotti kept disconnect,1,NEG
breakfast averag locat good paid nobodi mention go floor narrow danger staircas,0,NEG
excel locat cozi room skill staff hotel locat close popular tourist attract restaur conveni hous currenc exchang servic room view spectacular interior nice,1,POS
staff friendli good locat yummi food wish coffe station room would refil cleanli corner room lot dust overal would come back hotel,0,POS
proxim local restaur room clean dust could found sever corner bed bit worn could definit use upgrad addit custom servic left lot desir staff help made check process confus stress,1,NEG
locat advertis staff courteou bathroom access major design flaw simpli imposs enter bathroom room without contort squeez climb top toilet hard fathom could accept five star hotel room dark window alcov room checkout charg extra wifi tote bag despit prepaid stay book inde tote bag room need left room everi hotel day us trip includ wifi explain inform charg book check manag call charg eventu waiv,0,NEG
orakai insadong suit provid true home away home experi locat excel lot place eat right outsid door staff extrem friendli alway readi assist inquiri suit well equip beauti furnish provid comfort place return busi day explor seoul downsid would leav hotel end stay,1,POS
locat orakai insadong suit seoul pretti conveni central attract citi unfortun overal stay orakai insadong suit seoul quit underwhelm disappoint firstli room quit outdat need urgent modern furnitur equip seem old make room feel dull uninvit secondli cleanli room par found dust furnitur bathroom need good deep clean lastli servic provid staff poor staff seem unprofession lack adequ train abl provid prompt effici servic make stay even less pleasant,1,NEG
ambianc hotel quit uniqu hotel badli signpost main road make difficult find room small stuffi also recept staff help friendli,1,NEG
locat esila hotel good close citi center major attract despit great locat experi esila hotel expect firstli room stay poor condit paint peel wall furnish old worn room facil also lack faulti air condition shower altern hot cold hotel staff less help came address issu also hotel offer sort recreat activ fit center big downsid,1,NEG
exterior rather appeal cleanli seriou issu room clean expect bathroom quit unpleas nois level also nuisanc courtesi thin wall staff less help sluggish provid servic,1,NEG
everyth food vibe hospit noth,0,POS
daughter take small getaway chose hotel locat excel room clean bed comfort smell lobbi wow fantast someth fragrant everi time enter lobbi staff help kind profession custom hotel today mini bar well receiv us due combin snack water alcohol beverag tempt famili grab without realiz cost sensor activ room charg provid mini conveni area lobbi would offer varieti term snack would varieti non alcohol drink restaur pleas dish non dairi daughter like anyth adjust menu therefor settl five guy chipolt,0,POS
noth particular special comment make room small lift confus locat crowd street staff pleasant quit long wait reach said centr big european citi limit get money respect hotel may except depend look next time move bit look someth roomi quieter environ,0,NEG
extrem clean omg world comfort bed still dream bed like cloud room small typic sk hotel room honest spend time room shower sleep anyway great locat close two subway station wish one washer dryer front desk staff extrem nice never seem abl help us question want hotel actual concierg type front desk might best bet abl use internet answer question would highli recommend hotel myeongdong stay,0,POS
staff incred kind sweet restaur insid hotel amaz room lot thing wrong chip paint clog sink stand water broken air condition bathroom shower door broken also mold insid bathroom mirror issu,0,NEG
locat friendli inform staff noth good,0,POS
locat balconi fantast room layout made fall head heel amano east side berlin conveni snack bar restaur within hotel made stay even enjoy staff extrem hospit help alway readi assist need queri room spotlessli clean comfort cozi beauti view buzz street berlin minor issu wi fi connect could bit shaki time bit inconveni tri plan day check email,1,POS
decor love st room air condit work properli floor move us go desk time second room leek air condition unit carpet time clock midnight staff want anyth told put us old room situat unexception respon staff even sorri,0,NEG
request room back side properti window could open stay hotel team great accommod request room good size clean comfort gym good littl difficult find clean good properti air condit great go cold room littl date especi bathroom could done fresh paint expect free water room kind standard level hotel good stay nh great would stay,0,POS
move differ properti due issu room inform earlier pleas watch issu,0,NEG
locat hotel michelangelo fantast within walk distanc bucharest old town main attract front desk staff accommod readili provid inform restaur tourist spot despit excel locat hotel michelangelo fell short amen room felt outdat poor light slightli uncomfort bed bathroom plumb issu throughout stay inconsist hot water avail breakfast spread quit limit much varieti often item refil time nois neighbor room also clearli audibl thu undermin privaci quiet,1,NEG
locat noth honestli bed comfort room small clean,0,NEG
locat breakfast staff attitud front desk rude check explan dine option club room facil breakfast locat amen time hotel facil knowledg local area,0,NEG
locat small window room uncomfort bed unhelp recept person,0,NEG
hotel situat great locat close landmark cleanli need seriou improv custom servic disappoint room much smaller anticip sever amen avail promis,1,NEG
great locat heart madrid excel servic love room,1,POS
locat quit perfect close everi facil attract hotel staff help problem room report front desk action taken room clean towel old worn nois street also major problem could bare sleep night breakfast also worth price overal recommend hotel tourist look pleasant stay seoul,1,NEG
hotel eiffel sein pari truli uniqu experi hotel locat spectacular short walk eiffel tower sein river room clean comfort decor provid perfect blend tradit modern design staff friendli accommod alway readi help question request breakfast buffet delici way start day offer vast select fresh fruit croissant coffe unfortun room bit small trade top notch locat,1,POS
locat prime play loud music everi night till still play music till morn everi day never clean restroom dorm shower light work whole stay,0,NEG
locat central unfortun cleanli standard spot dirt sever area room bathroom best condit either servic also lack staff often seem uninterest unavail competit industri lack attent detail serious hinder hotel reput cannot recommend hotel would advis travel find anoth place stay ankara,1,NEG
locat conveni definit hotel bed comfort room small alleg amen applianc underwhelm,0,NEG
stay sever time clean friendli staff great locat,0,POS
hotel quit clean hotel room interior feel quit outdat standard,0,POS
good place break long travel,0,POS
bathroom dirti towel bad locat,0,NEG
noth special properti place clean also charg extra bed howev book includ room small place adult came hotel took anoth room exact room euro one euro,0,NEG
hotel room comfort well equip rest hotel beauti staff recept morn could pleasant friendli stun hotel lot facil use extra room bed super comfort quiet room good night sleep,0,POS
locat conveni near public transport room small nois street wifi also quit slow,1,NEG
central locat clean modern amen breakfast spread could improv,1,POS
locat hotel good enough close tourist attract metro clean quit non smoke room comfi amen provid amaz peke duck restaur across street staff speak english intern hotel chain book especi reason think china major speak english least intern chain hotel hire peopl speak english definit case especi problem would help deal possibl issu recept staff need speak fair english minimum,0,NEG
okay bed way soft cave middl sleep well true bed twin room wifi work one phone nobodi els report front desk said send someon wait friday night hour person never arriv profession,0,NEG
staff nice room comfort locat nice well center town make easier commut anywher walk around great tourist site see around would stay want visit berlin sinc summer mayb fan room would nice,0,POS
hotel locat quit conveni provid easi access local attract public transport stay novotel beij peac fill disappoint start check slow staff seem disinterest amen par would expect renown chain carpet room old stain tv rather limit select channel air condit work made uncomfort night furthermor nois street quit disturb even night lastli food serv breakfast restaur bland lack varieti,1,NEG
locat hotel eiffel sein great close eiffel tower howev size room left much desir incred small even parisian standard nois pollut guest road outsid contribut disrupt sleep room amen lack given hotel rate,1,NEG
wonder stay holiday inn templ heaven beij room except clean comfort spaciou locat right heart beij near famou templ heaven ad bonu excel servic provid staff alway will help provid great recommend local attract buffet breakfast also offer wide varieti delici food noth signific note could varieti western food option,1,POS
everyth great staff friendli accommod breakfast amaz bar lobbi great lobbi nice select drink snack buy take room hotel well posit close attract first room aircon work want give us fan accept rectifi situat upgrad us anoth room amaz,0,POS
locat hotel ideal center ankara room clean staff could use bit train seem inexperienc also nois nearbi bar quit loud night made difficult sleep,1,NEG
check check smooth locat good roof top staff rude lack train hotel speak english disappoint consid hotel reput,0,NEG
staff incred help friendli exceedingli comfi bed delici food peac spot busi citi close railway station bit nois neighbor room bother much,1,POS
esila hotel offer genuin friendli staff alway readi assist great locat within walk distanc local attract room impecc clean food delici howev wifi could bit spotti time soundproof quit overal minor drawback otherwis excel stay,1,POS
locat hotel fantast close everyth staff friendli extrem help arrang transport airport accept price breakfast wonder italian room quiet spotlessli clean littl hard find initi manag internet access,1,POS
locat good access almost none far,0,POS
hotel within walk distanc major attract bedsid lamp function breakfast lack varieti overal custom servic need improv staff need pay attent custom concern,1,NEG
great locat good price staff realli helpful either staff speak english well consierg duti alway helpful good english speak make time visit beij much easier clean room everyday didnt properli less min finish clean,0,POS
good locat within walk distanc sever local attract sever downsid stay bathroom clean upon arriv room damp unpleas odor wall seem paper thin could hear everyth room make hard sleep custom servic want staff lack profession respons,1,NEG
ashok new delhi stand wonder blend tradit modern conveni ideal central locat superior qualiti servic luxuri room contribut fantast stay also love rang cuisin option avail site think signific shortcom perhap check process could sped slightli overal minor point,1,POS
great locat decor friendli servic alway stay beij breakfast need improv add pancak french toast bake bean made order omelett egg fri egg good opportun best breakfast beij,0,POS
noth old hotel small room ancient era everyth smell stink corridor carpet throughout wooden door broken middl old type residenti coloni,0,NEG
glover park hotel georgetown top notch servic proxim key place interest washington also major highlight room well kept gener atmospher hotel wonder howev park situat bit tricki would advis explor park option,1,POS
everyth includ staff,0,POS
central locat extrem disappoint accommod room small dark look clean furnitur old worn bathroom outdat clean either air condition work properli made stay uncomfort certainli standard expect book hotel skypark central myeongdong,1,NEG
clean advertis close metro rail actual stop metro entranc walk long way board metro fals advertis,0,NEG
excel servic help profession staff room clean spaciou well equip place quiet even realiz rome plu provid shuttl bu vatican citi great servic breakfast could bit divers overal good,1,POS
vitan aparthotel bucharest delight surpris central locat made trip around citi fantast easi modern well maintain facil stay truli enjoy staff attent accommod alway readi provid help recommend cultur highlight gastronom delight room spaciou impecc clean equip necess wonder comfort especi pleas qualiti free wi fi speedi reliabl lifesav need plan next day trip much fault although bit divers breakfast spread would appreci stuck tri test continent offer perfectli prepar bit local intern varieti could elev experi,1,POS
hotel good locat initi impress hotel quit pleasant unfortun room assign sever issu smell cigarett bathroom clean would like wall paint peel area despit rais issu recept staff effort made address within stay moreov wifi connect poor drop frequent,1,NEG
effici staff check noisey rd sleep,0,NEG
hotel locat excel within easi walk distanc seoul station shop area lobbi public area sharpli decor clean found room clean well linen unapp insuffici light room make gloomi furthermor basic necess like toiletri stock well request multipl time breakfast spread quit limit tast utter disappoint,1,NEG
perfect locat catch earli flight spotlessli clean room courteou servic limit dine option around hotel stay layov issu,1,POS
room quaint comfort radiat home away home atmospher conveni locat surround numer restaur within walk distanc eiffel tower attract staff top notch friendli profession readi assist everyth say someth neg breakfast bit basic wifi occasion drop affect overal phenomen stay,1,POS
room look pictur condit bed towel good gener room condit poor,0,NEG
central clean modern great facil view non exist quiet,0,POS
locat great nois outsid unbear cleanli par found hair sheet bathroom lack basic amen breakfast minim good qualiti,1,NEG
fantast locat well price room simpl clean comfi piti mani dine option,1,POS
locat sink room,0,POS
hotel realli work locat westin grand berlin unparallel close sever citi sight felt like could realli soak berlin vibrant cultur room clean well maintain provid comfort place rest busi explor day staff hospit alway readi assist hotel could probabl improv breakfast offer lack varieti,1,POS
right next u bahn station advertis common kitchen stove plan cook also three day saw recept staff left place lot flea seem owner care scare liabil creat welcom atmospher,0,NEG
ask man recept help rude thought might fine next day even rude think deserv stand recept affect hotel reput,0,NEG
clean room clean bed clean bathroom quiet neighborhood close supermarket metro internet realli bad lost connect lot time,0,POS
hotel skypark myeongdong seoul offer cozi comfort stay locat heart citi provid easi access major shop area restaur attract room clean well maintain staff amiabl effici extrem help custom servic top notch noth major slight difficulti find english languag channel tv,1,POS
close airport ab earli flight catch tight space room much usag plastic,0,NEG
peopl work hotel sooo nice,0,POS
incred comfort room exquisit cuisin friendli staff alway will help hotel locat central busi district make highli conveni sometim high number guest caus elev get bit crowd noth bothersom,1,POS
locat great right heart myeongdong close shop subway rooftop view nice touch room small outdat wifi unreli best breakfast buffet worth cost select disappoint,1,NEG
comfort bed dirti bathroom whole night everi night extrem ambient nois old dirti bathroom non friendli staff,0,NEG
well locat okay room realli small bathroom live standard view block neighbor build servic great either,1,NEG
modern good locat staff breakfast includ,0,POS
locat sofitel le scribe pari opera conveni explor citi howev experi hotel par room far smaller expect photograph onlin lack certain basic amen found bed uncomfort cleanli area question nois adjac room audibl night also found staff somewhat indiffer unhelp mani occas throughout stay overal felt like get valu money,1,NEG
locat clean done properli,0,NEG
locat great wall hotel beij decent conveni travel around beij unfortun stay great wall hotel beij less satisfi front firstli level custom servic quit debat rang littl assist handl basic request secondli standard room left lot desir worn furnish lack thorough clean lastli hous amen fit center dine option subpar industri standard fit center poorli equip dine option limit low qualiti,1,NEG
locat within walk distanc termini station servic poor room clean also breakfast satisfactori,1,NEG
locat quit central conveni room poorli ventil hotel staff respons request inquiri bed also quit uncomfort,1,NEG
hotel locat right heart madrid absolut perfect room comfort buffet breakfast provid wide array choic much delight check process could bit faster effici,1,POS
great locat easi access public transport hotel room uncomfort small inadequ light nois busi gran via street unbear disrupt sleep also hotel seem understaf servic often slow unrespons breakfast spread disappoint standard price charg,1,NEG
excel central locat staff friendli help rooftop swim pool nice bonu room could use modern updat everyth clean function,1,POS
overal great experi good hospit,0,POS
love locat never visit berlin metro tram station right next hotel huge help also valu money loft room big bed privat bathroom like photo much better red interior lay floor like pictur show mind simpli expect nice surpris noth,0,POS
state plaza hotel washington offer marvel locat close import tourist destin sens peac tranquil despit heart citi staff friendli attent hotel restaur offer delici breakfast spread everi morn spaciou room impecc kept equip everyth could need comfort stay one minor complaint would coffe provid room could better qualiti also notic wi fi connect bit unstabl time,1,POS
love big room comfort bed locat close metro also gangnam area made easi walk everywher fantast staff friendli help,0,POS
love clean whole environ enter build room stay forev,0,POS
locat front desk staff rude custom servic,0,NEG
locat hotel fantast right heart citi mani restaur attract immedi surround room extrem small stuffi felt claustrophob bathroom foul smell shower water come slowli,1,NEG
first stay citizenm hotel extrem impress right check staff welcom help room compact design extrem effici ideal need locat hotel better situat within walk distanc champ ly es mani major tourist attract pari food option limit hotel go meal,1,POS
locat great easi access main attract nice restaur around room incred small nearli imposs move around bed quit uncomfort cleanli room could also better plu wall soundproof,1,NEG
great hospit clean room fantast locat wifi connect could improv,1,POS
locat great need enter lift arriv recept counter day arriv find lift internet terribl,0,NEG
proxim airport conveni room clean furnitur outdat uncomfort disturb nois hallway,1,NEG
esila hotel excel locat delici breakfast extrem courteou staff wifi bit inconsist would great reliabl,1,POS
eurostar berlin except hotel room spaciou impecc clean tast decor staff sociabl attent alway readi assist locat heart berlin minut away best part citi hotel restaur highlight stay menu divers everi meal tri except downsid could think popular necessit book well advanc,1,POS
noth room averag clean front desk peopl need train compassion toward peopl travel day give room faster got room pm even reach understand check pm peopl came us got room first highli disappoint servic pay get room earli even slow even ask front desk peopl give us room avail expens one appar none readi hour,0,NEG
hotel locat conveni right center ankara room clearli par harsh light lack aesthet design uncomfort bed make pleasur stay seem constant nois hallway thin wall littl keep room servic menu disappoint limit option food qualiti subpar addit staff also lack warmth attent,1,NEG
privat room spaciou especi hostel reason appear school children stay hostel camp excurs extrem loud caus disturb middl night night row scream ran hallway alert staff night assur hall patrol night howev seem case children complet unsupervis next night understand hostel loud typic strict nois polici hallway hostel love rooftop howev day stay privat function held meant space block hostel guest could use area rooftop food drink also quit expens,0,NEG
except servic delight meal room immacul thing,1,POS
front desk staff polit friendli help room clean quiet good restaur coffe shop around hotel internet good like quiet calm dignifi atmospher hotel get regular superior room bathroom sink poorli configur ledg put soap toothbrush put soap glass put sink weird aspect hotel understand otherwis everyth els point workaround pay littl extra suit room better set still ledg least function equival around knee high,0,POS
far friendliest hotel ever stay locat terrif access best place madrid rooftop bar real bonu come home,0,POS
good locat restaur shop servic subpar room clean expect amen lack wifi connect intermitt nois level street quit high night breakfast serv rather unapp,1,NEG
staff attent thought ambianc enchant room impecc clean comfort locat bonu right heart pari though gener excel room servic menu could use littl varieti,1,POS
room small clean disappoint locat excel cleanli,0,NEG
locat conveni close seoul station also walk distanc namdaemun market lott outlet room lack standard cleanli come expect four point hotel carpet dirti gave unpleas odor bathroom fixtur outdat desper need upgrad least proper clean mainten staff rude warm welcom either breakfast servic subpar lack varieti poorli prepar meal nois nearbi road train station also made difficult get peac night sleep also lack english speak staff problem intern guest,1,NEG
peke youth hostel offer truli except stay experi decor rich tradit chines cultur lend uniqu authent beij ambianc staff incred welcom go beyond accommod everi request locat also superb right heart citi yet quiet relax area room alway clean comfort ensur great rest night howev wi fi connect somewhat inconsist bit nuisanc need work stay,1,POS
locat conveni easi walk mani popular area madrid unfortun rest experi less stellar room poor condit notic wear tear nois street disrupt made difficult sleep addit custom servic par staff seem disinterest unhelp,1,NEG
rigg washington dc fantast hotel provid excel blend luxuri histori staff extrem friendli consist went beyond room incred comfort amen top notch park bit expens gener expect dc,1,POS
hotel eiffel sein prime locat right heart pari easi access local attract amen howev overal cleanli hotel quit disappoint room clean properli stain carpet linen gener atmospher one neglect addit staff seem particularli engag eager assist guest cost hotel match qualiti offer,1,NEG
locat excel hotel room rel small everyth need fantast option want tourist berlin bed sheet wash old stain look like bed bug stain room free bedbug inspect thoroughli,0,POS
cheap overnight stay close airport h check think one hotel tri touch thing possibl stay need renov convinc sheet clean room certainli uncomfort memori foam mattress hot water requir turn boiler given head cold shower morn staff unfriendli window look brick wall dare turn air con,0,NEG
hotel architectur appeal locat quit conveni close citi center unfortun stay catalonia gran v disappointingli unpleas biggest downsid nois level room overlook gran v heavili traffick street incred noisi throughout night although hotel control extern nois outsid sound insul window far adequ moreov air condit system function properli staff manag fix lead uncomfort night spent stuffi room breakfast also concern breakfast room crowd food varieti realli uninspir hardli match qualiti expect hotel type speed servic slow though mani hotel staff friendli other seem indiffer,1,NEG
beauti restor hotel right heart pari great access shop restaur servic except room eleg comfort street nois earli morn,1,POS
realli enjoy spaciou room great view citi think,1,POS
nh baraja airport hotel provid realli good servic courteou staff expans breakfast complimentari shuttl servic airport locat excel make easi explor citi public transit none could think,1,POS
excel locat sightse great local restaur nearbi nois night neighbor bar,1,POS
locat suitabl old town walk activ,0,POS
breakfast winner locat perfect near tian qiao subway station tian tan park beij natur histori museum tian qiao perform center mani good restaur etc staff courteou help room clean price ok definit stay downsid,0,POS
nearbi public transport access disappoint room servic lack cleanli unrespons staff,1,NEG
hotel lift elev stair horribl steep light room disappoint bathroom like swamp drain set high floor tile look like homemad job proper ventil room hotel signag illumin night arriv disappoint start stay pari shower bad tile whole bathroom flood,0,NEG
locat good right besid subway exit hotel seem old need renov carpet room worn stain wall mark bathroom grimi broken toilet seat lobbi chaotic peopl suitcas everywher staff curt approach room thin wall could hear guest convers televis quit unpleas light sleeper would recommend seek comfort relax experi,1,NEG
eurostar madrid tower stellar everi sens word tower presenc cityscap avant gard design room breathtak view come togeth unforgett experi friendli staff delici food serv restaur relax spa servic except also locat excel close import busi center attract hotel overal fantast process speed check could improv minor issu could save guest preciou time,1,POS
good experi work go anoth room lot sound disturb,0,POS
peac respit lot tour room felt littl bit warm night,0,POS
locat good unfortun aircondition work properli,0,NEG
locat clean hostel sleep night august time without fan lot mosquito sever factor consid use room remain outsid fan provid sinc near river lot mosquito disturb night sleep travel daughter xx,0,NEG
central great locat shop restaur taxi servic book great didnt like massag chair work calf massag chair room,0,POS
near sunlitun room clean properli first thing notic check red pubic hair towel husband brunett later found tangerin orang stalk bed possibl never stay cours recommend everyon stay somewher els want skin diseas,0,NEG
good restaur close railway station,0,POS
locat bad servic air condit work inform recept bother chang anoth room tri fix problem hardli slept due heet recommend hotel,0,NEG
apart nice clean locat hard find neighbor make nois night polic come care group gypsi,0,NEG
superd locat old hostel hostel realli maintain facil e g one upper bed handl broken femal dorm femal dorm,0,NEG
locat decent neighborhood seem gener safe room decidedli grubbi visibl stain sheet cobweb corner bathroom fixtur age shower weak water pressur make difficult wash properli breakfast bland lack varieti plu servic qualiti inconsist staff member polit help other standoffish rude overal hotel offer good valu price,1,NEG
hotel locat fairli central close public transport conveni numer disappoint stay firstli room felt date could definit use facelift secondli cleanli issu constant problem throughout stay dust dirt corner room bathroom final breakfast underwhelm best lack varieti fresh,1,NEG
perfect locat citi explor earli commut airport friendli staff clean comfort space soundproof good aircon would recommend,0,POS
amaz place definit worth stay room clean well maintain awesmm hotel staff managi everyth properli food tasti thank,0,POS
noth except localis poor qualitynof servic personnel absolut invred hotel,0,NEG
hotel via automobil rel easi find excel site fee park lobbi beauti greet nh villa team upon arriv invit glass prosecco pool beauti howev hotel sun umbrella imposs enjoy pool unless one secur sun umbrella hr book standard room simpl small balconi air condit bare work ask move larger room could due confer site locat access via metro train system dread km walk aurelia station hotel difficult get taxi return rental automobil due locat inaccess metro chang hotel,0,NEG
great locat close subway disappoint hostel book room receiv confirm messag say happi help day trip ticket contact tri mani time book com wechat via email ignor day arriv final got repli chines commun done chines arriv ask help staff misinform sent forbidden citi buy ticket possibl need help foreign cannot book without chines phone number wechat pay alipay spent sever hour hunt ticket get end anoth staff member help seem readi help foreign also book trip mutanyiu great wall via hostel tour fine difficult follow happen chines tour chines bit uncomfort know happen e g get bu stop time back bu need pay addit money guid also room okay bed hard like place china yet one uncomfort bed month trip housekeep meant put dirti towel back make bed provid new shampoo breakfast found around either cafe next door open definit expect rmb pay per night stay night cannot recommend must better cheaper option,0,NEG
staff super help polit great room bathroom drain block inform staff noth done second day stay hotel electr fault whole hotel electr staff inform due rain fix past pm night year old child difficult stay electr electr room terribl experi offer free breakfast next day crossiant glass juic,0,NEG
great locat situat betweek spanish step trevi fountain get site super earli peak season ram tourist wish stay night although littl pricey us compar favour hotel area regard facil hot tuv plung pool rooftop terrac staff quit friendli breakfast fantast continent well sausag bacon scrambl egg plenti made hotel locat good area valu money would recommend hotel pleas check room correct one settl insist us pay cash receipt citi tax bit suspici great room byt son daughter la tini room even though room book room,0,POS
properti best locat seoul right next metro station tourist attract set bustl neighbourhood myeondong perfect late even stroll take cultur shop,0,POS
cozi comfort locat right heart bucharest host except welcom went way make stay enjoy place spotlessli clean homemad breakfast delight central locat get bit loud night due street nois noth bothersom,1,POS
love staff nice decor room unexpect upgrad good area far centr quiet mattress uncomfort worn dip badli one side tv connect internet promis shower fell apart,0,NEG
locat work hour restaur,0,POS
great close everyth spaciou room fast housekeep room servic,0,POS
perfect locat good servic swim pool could open bit longer close pm bit earli summer time,0,POS
great wall hotel beij perfectli situat short taxi distanc away major attract room clean spaciou offer splendid view citi buffet breakfast extens truli impress hotel great overal commun english bit tricki staff,1,POS
situat heart citi hotel provid easi access major tourist attract room clean cozi staff accommod provid excel servic breakfast somewhat lack varieti satisfactori overal,1,POS
courtyard marriott washington downtown convent center honestli exceed expect prime locat downtown washington make explor citi extrem conveni polit attent staff offer top notch experi room quit spaciou clean comfort bed made everi night sleep utterli rejuven dine option avail hotel also noteworthi hous restaur serv great varieti delect meal would love hotel swim pool though absenc dampen overal experi,1,POS
wonder staff call abbrevi alway help kind patient also impress locat help us go matter train foot conveni,0,POS
stuff nice consider ask low floor give us locat good us room look like photo disgust view wall even light get stain carpet curtain even ceil,0,NEG
gorgeou hotel stay great view realli good locat,0,POS
love spaciou comfort room along fantast view hotel clean well maintain staff could improv english skill provid better servic intern guest ideal clear instruct english buffet pool facil,1,POS
design eleg tradit scandinavian charm staff attempt best give us good experi howev meal offer letdown poorli cook dish also cleanli standard bedroom bathroom left lot desir disappoint given premium price,1,NEG
locat excel close proxim gran via room outdat desper need refurbish furthermor staff friendli help would expect hotel reput,1,NEG
fluiditi space friendli discreet staff passag room like maze,0,POS
best locat solo travel definit stay visit beij recept speak english friendli abl commun translat app,0,POS
locat decent close public transport main attract cleanli far standard expect apart pungent smell linen appear unwash wi fi work stay inconveni,1,NEG
breakfast toilet shower curtain water spill closet long stay like mine get uncomfort live suitcas point need address,0,NEG
apart spaciou clean modern design kitchen fulli equip great self cater perhap locat best littl far citi centr transport option avail,1,POS
locat alright near store park worst thing stay uncomfort room air condit seem old noisi made hard sleep bed also quit stiff pillow offer littl support moreov cleanli concern hair bathroom dust bed lastli staff friendli attent difficult commun fail promptli respond problem,1,NEG
great locat right besid train station local restaur staff friendli hotel spotless also serv tasti breakfast lot choic bedroom extrem tight us larg doubl bed sofa bed two children much room move sofa bed extend view room larg window amaz spotlessli clean,0,POS
locat eurostar casa de la l rica heart madrid quit conveni hotel downsid primarili center poor servic qualiti staff member dismiss particularli help addit room clean one would expect found dust furnitur bathroom fixtur best condit basic amen coffe tea replenish daili disappoint nois unbear particularli earli morn due absenc sound proof provid breakfast basic unworthi cost,1,NEG
hotel conveni locat near airport minut drive away staff help effici room clean quiet comfort perfect short overnight stay breakfast buffet also quit decent varieti option mani dine option around hotel locat industri area addit shuttl servic airport could improv,1,POS
breakfast good clean found pair slip toilet put backpack organis chang room second night,0,NEG
locat great central plenti attract transport unfortun hotel quit dirti desper need renov hole wall bathroom dirti look uncar bed stain smelli also lack elev make incred inconveni heavi luggag nois street made nearli imposs get good night rest,1,NEG
locat place could walk everyth,0,POS
hotel central locat restaur transport option attract close design lobbi modern attract room seem well maintain initi despit posit neg outweigh nois level intoler loud chatter music reverber hallway earli hour furthermor custom servic lack front desk staff non respons seemingli disinterest provid help address issu also satisfi cleanli room upon closer inspect appear stain carpet dust sever place price paid experi fell short expect,1,NEG
great experi nh collect roma centro locat perfect close mani landmark room clean comfort servic except staff profession truli went way ensur pleasant stay breakfast varieti could better howev qualiti top notch,1,POS
hotel locat conveni place staff extrem polit help realli love food serv room realli neat clean definit visit properti,0,POS
beacon hotel corpor quarter offer true tast washington charm central locat allow easi access major sightse spot hotel staff profession friendli eager assist need queri room spaciou clean comfort well maintain amen although minor complaint would wi fi somewhat spotti time howev majorli impact stay,1,POS
ballhau berlin hostel berlin perfectli combin charm histor build hous modern amen staff except welcom went beyond ensur comfort room impecc clean cozi convey warm ambianc truli felt like home away home ad overal delight experi hostel prime locat plethora interest place explor surround area age build creak nois might ideal light sleeper could also improv varieti item breakfast menu,1,POS
lobbi well decor central locat conveni custom servic lack room quit dirti upon check especi bathroom food serv breakfast stale nois street quit disturb lead bad sleep experi,1,NEG
alpi hotel rome love place stay brilliant locat close termini station perfect us warm welcom arriv love clean room small neat bathroom delici breakfast lot choic minor inconveni pillow tad bit hard like person prefer,1,POS
hotel avenida gran v madrid simpli delight staff member except polit help creat welcom atmospher mention locat superb close proxim great restaur shop histor site due locat busi area night slightli noisi,1,POS
locat conveni close transport poor soundproof could hear everyth hallway room room also clean expect,1,NEG
hotel fantast locat close shop area histor site restaur bar room clean modern nice decor piec maison art collect staff extrem help friendli provid excel restaur recommend lobbi could use bit updat overal detract excel experi,1,POS
best part stay proxim locat visit breakfast friendli staff locat hotel food excel locat breakfast friendli staff cockroach toilet also toilet best old thing made look littl nasti monkey outsid hotel control hotel understand made littl worri scare monkey,0,POS
good locat room cold heat work properli breakfast basic much choos bed uncomfort,1,NEG
wonder fuss hotel clean comfort staff friendli accommod bathroom shower sinkhol alway block caus water flow shower area mainten depart could littl effici,0,POS
locat stay hotel gangnam seoul absolut spot conveni close shop mall restaur nevertheless overal experi par room quit small clean custom servic also quit mediocr staff seem well train unrespons request furthermor wifi room pretti unstabl caus inconveni,1,NEG
hotel locat conveni close airport free shuttl run throughout day room date unclean seem issu temperatur control uncomfort warm stay addit staff seem uninterest provid qualiti servic take age respond request lastli nois airplan made almost imposs sleep,1,NEG
bloomroom ideal locat extrem close new delhi railway station room modern clean comfort definit expect great cuisin vast varieti choic top staff hospit effici wish swim pool fit center price amen offer superb enough comfort stay,1,POS
hotel ground absolut beauti well maintain servic left lot desir room clean well towel replac daili hous restaur food disappoint would expect much higher level servic hotel alleg standard,1,NEG
marmorosch bucharest autograph collect exquisit hotel set heart bucharest room marvel design well equip luxuri touch help staff elev stay anoth level except servic variou dine option hotel made culinari journey remark major citi nois littl bothersom expect nonetheless posit far outweigh,1,POS
hotel locat good locat right heart madrid within walk distanc lot tourist destin staff friendli welcom room small bathroom badli design shower water went floor noisi night seem like hotel insul hear everyth neighbor room hallway definit place light sleeper,1,NEG
super locat clean comfort way make get cup tea coffe,0,POS
conveni proxim mani tourist attract washington room outdat cleanli subpar front desk staff quit unrespons keep us wait long period time check overal servic match charg hotel,1,NEG
mayb thank good exchang currenc rate qualiti excel money spa nice pay structur clean comfort everyth modern work well downsid clerk speak great english expect guess mani tourist pass also part ankara strang mixtur super modern hotel road like suburban dusti neighborhood work guess,0,POS
comfort stylish room swim pool,1,POS
hilton garden inn washington dc downtown delight stay locat top notch close import landmark metro station room clean spaciou staff courteou help breakfast fantast offer larg varieti option hotel also well equip fit center realli great place stay highli recommend think downsid everyth wonder stay,1,POS
staff extrem help accommod clean well furnish room central locat easi access public transport breakfast offer could vari,1,POS
modern interior friendli servic noth mention,1,POS
locat superb clean bed comfi shower room small,0,POS
locat perfect near restaur cafe train station beauti store conveni store noisi weekend,0,POS
shower excel curtain work great electr switch kept room dark like light bathroom counter would turn night close bathroom door light still escap would perfectli pitchblack room constant sourc light throughout night climat control fan loud bed comfort hard mattress,0,NEG
locat staff support chang bigger room price small room,0,NEG
eleg tradit courtyard architectur definit appeal regrett room well maintain amen malfunct custom servic also left much desir long wait time final remot locat made access tourist destin local amen inconveni,1,NEG
hotel close citi center public transport howev room clean properli still trace previou guest recept staff welcom servic poor addit room lack basic amen wifi unreli,1,NEG
room spaciou comfort food bad order green salad room dine got stale tomato contact restur chang unfortun bought green salad issu option midnight carv limit,0,NEG
besid mtr coffe shop premis korean restaur well elev still mainten stay monbth back finish,0,POS
know anoth ibi walk min anoth hotel heavi rain locat walkabl distanc myongdon station,0,NEG
like support rahul rohith excel alway support inform made could make stay comfort helper breakfast locat also good servic given ladi front desk aw want make stay facilit due wrong inform inconveni get sim card shop well disast breakfast time also content minimum appear sort cut corner,0,NEG
close airport taxi ride cost rs prepaid taxi airport dropoff hotel cost around rupe breakfast good indian continent option avail metro access delhi metro aeroc station airport express line walk connect new delhi station wifi good room clean safe good valu staff hotel restaur friendli help,0,POS
courtyard marriott washington downtown convent center hotel except conveni situat proxim convent center made busi engag stress free room comfort spaciou spotlessli clean great view downtown area staff also accommod help alway readi assist smile hotel also excel amen includ fit center fantast restaur definit felt like home away home minor issu like bathroom door close properli wi fi intermitt slow quickli address hotel effici mainten team,1,POS
situat heart old town moxi bucharest old town provid fantast base explor citi staff extrem friendli help room modern clean comfort includ breakfast contain wide varieti option hotel bar excel place unwind long day sightse,1,POS
room clean comfort locat hotel desir busi travel excel custom servic signific downsid mention,1,POS
locat pestana cr gran v madrid fantast overal hotel experi live expect room smaller expect minim amen provid staff custom servic averag respons addit hotel soundproof extrem poor lead sleep disrupt throughout night,1,NEG
decent locat friendli recept staff room outdat well maintain chip paint worn furnish air condit also weak made room uncomfort summer heat breakfast option limit qualiti rather poor wifi quit unreli constantli disconnect cover part hotel nois isol room almost non exist could hear convers neighbor room nois street traffic,1,NEG
wonder stay beacon hotel staff friendli locat fantast close major attract local restaur bathroom could use bit upgrad hinder overal posit experi,1,POS
locat ok bathroom clean room small,0,NEG
amaz breakfast allow us start day perfectli meal fun treat tri differ tasti indian dish western good work facil great pool staff incred help everi moment namast,0,POS
rooftop pool bar area give good view across citi hotel locat fairli central hotel feel well maintain corridor light work dark trash hallway pick room also dark light control complic air condit effect room uncomfort warm shower flood bathroom floor everi time use bed uncomfort,1,NEG
alpi hotel rome offer except stay locat ideal explor citi room immacul staff went way provid top notch servic enjoy complimentari breakfast offer vari delici spread,1,POS
breakfast quit good paid night even give free water buy water disappoint,0,NEG
locat exe intern palac superb close locat tourist spot central station breakfast serv alright could use varieti room quit date uncomfort bed air condit work properli made room unbear warm staff could forthcom assist also disappoint cleanli room unavail basic amen,1,NEG
excel breakfast excel swim pool restaur menu could option,0,POS
locat great nice kettl room think sticki mark bath trace scatter pillow dirt remot control room quit small,0,NEG
lobbi dine area clean invit room date bathroom clean expect servic also great staff seem unconcern guest need locat scenic distanc central citi made transport inconveni,1,NEG
great locat cleanli great servic,0,POS
superb locat right heart rome excel walkabl major attract suit well decor comfort bed,1,POS
locat good need room small bed actual full size king advertis upgrad air purifi room window close pointless hot time beij ac would cool room degre celsiu make warm sleep,0,NEG
main attract conveni locat nearbi train station frustrat began check slow ineffici staff particularli friendli either room unfortun better lack cleanli desper need updat top hotel wi fi extrem unreli often lose connect,1,NEG
locat decent connect unfortun stay hotel michelangelo pleasant expect room quit small furnitur look outdat bathroom continu water leakag problem also breakfast basic lack varieti serv cold time hotel could better wider varieti food lastli nois street loud make difficult us rest properli reason recommend hotel,1,NEG
locat right near river within walk distanc mani pari icon sight could hear metro come go th floor also bathroom smell piss shower jenki glass partit leak floor caus lake water around toilet pedest sink place put hand towel toiletri elev small one person could fit insid backpack night staff rude check explain bill tell us total cost one night rather two strang televis show either batteri dead work,0,NEG
hotel citi center close old citi bucharest live approxim meter walk breakfast perfect come bucharest stay special thank flori breakfast hall mihaela custom servic manag check desk smile kind turkish friendli hotel wish see mayb room make big problem,0,POS
hotel get old still charg price star hotel room dirti go recept time claim order meat meat shew,0,NEG
excel locat close airport lot good eateri around hotel mall nearbi shop room servic bit slow peak hour,1,POS
staff realli rude accommod gave us wrong room peopl thing,0,NEG
love hotel experi spanish suit campo de fiori room spaciou well design bed comfort staff friendli go way make stay enjoy locat also bonu locat smack dab middl rome make easi get around complimentari breakfast delici quit varieti minor drawback street nois night expect consid locat citi center may issu heavi sleeper,1,POS
good locat bed rock hard uncomfort room key provid unabl leav air condition whilst plug work bathroom rather fix remov decor room need freshen lot scuff mark cleanli could improv fault shower screen,0,NEG
fantast locat wonder staff extrem comfort room proxim gare de lyon station made travel around pari breez hous dine option good quit live except standard parisian gastronomi,1,POS
except clean staff extrem help hotel locat great within walk distanc mani attract notr dame neighbourhood quaint authent parisian feel bit disappoint breakfast offer quit basic price expect varieti,1,POS
locat excel heart madrid hotel servic poor room servic avail advertis moreov room next lift noisi especi night apart hotel food varieti limit standard lastli view room expect,1,NEG
room cozi littl small staff friendli well locat access princip attact citi rooftop bar restaurannt insid hotel around hotel good restaur train station step away bank librari convent center near bu station travel state neigborhood becom danger lot homeless fight night polic patrol park perman block,0,POS
servic attitud hotel recept poor recept staff hotel skill busi took half hour issu invoic often made mistak hotel wifi signal good often disconnect meet room,0,NEG
locat design room depress view window wall light terribl furnitura old door bathroom broken,0,NEG
clean nice breakfast minut walk distanc metro conveni store around corner enjoy stay lot thing happen mani hotel china sometim smell like tobacco room peopl smoke room even though forbidden,0,POS
locat cleanli aircon work staff noth help mani phone call got tabl fan earli check got sorri inconveni staff make sleepless night temperatur hot room,0,NEG
beauti locat love staff prospect speed internet could high,0,POS
staff friendli hotel extrem noisi due close proxim train station room also lack basic amen hygien standard quit disappoint,1,NEG
nice decor room comfort bed help staff marvel locat close mani attract noth mention,1,POS
conveni locat travel clean room help staff limit breakfast option bit noisi due proxim railway station,1,POS
locat realli great join mani cultur attract foot small bedroom space put luggag even space open insid room tight put mani bed function room size even struggl walk room luggag lay everywher floor also air condit peopl bedroom feel like sauna anyth els smell also best sinc peopl small room sleep togeth fact space lack luggag shoe etc,0,NEG
breakfast excel varieti sweet savori room comfort neat room servic great staff okay internet good speed bed comfi hotel good commun custom dissemin inform offer etc good air condit receptionist though friendli seem well vex around,0,POS
hotel locat quit conveni itinerari unfortun hotel servic expect room poorli maintain cleanli major issu food unpalat hotel staff exhibit languag barrier made difficult resolv issu recommend hotel due lack comfort poor custom servic,1,NEG
extrem comfort bed excel breakfast buffet friendli help staff gym bit limit term equip,1,POS
bathroom dirti flush work clean room satisfactori singl window room everyth staff help full adjust time check bathroom clean said clean said chang room said total full,0,NEG
stay famili great clean great locat best thing us breakfast staff also friendli help noth,0,POS
clean honest staff,0,NEG
east side locat quit suitabl sightse overal look hotel sleek howev nois disturb night nearbi parti district result restless night also room smaller expect base hotel pictur,1,NEG
hotel locat central major attract within walk distanc sleek modern decor room vibrant staff extrem help kind good valu money breakfast could improv,1,POS
nice room staff nice friendli room clean everyday without ask near tower walk directli realli next sein bridg movi incept also next recommend friend come pari noth,0,POS
riu plaza espa wonder hotel boast central locat make ideal base explor madrid room nice done spaciou comfort staff alway help provid excel servic cuisin varieti restaur impress dish delici downsid occasion queue lift peak hour minor inconveni hardli affect overal experi,1,POS
staff nice help direct room small bathroom right bed hardli space move carpet filthi elev tini enough two person small carryon corridor narrow everyth scream renov price hotel euro per night paid euro book com ripoff happi satisfi either hotel app book com suggest anyon,0,NEG
room cozi clean locat perfect explor bucharest staff incred welcom help question breakfast delici wide varieti food would highli recommend,1,POS
staff love locat good famili reason pick tourist hotel comfort clean well run food good except coupl slip see pool nice come back everi time rome feel home room right outsid part restaur late night could hear screech scream loud laughter peopl might advis let guest sit restaur bar even know keep voic certain hour perhap staff could warn guest room may noisi part hotel offer room differ area idea leav cooki room welcom love sadli cooki found stale bread serv dinner cooki serv breakfast room dresser drawer hard see one would put one cloth stay longer coupl day,0,POS
redeem featur hotel conveni locat fairli comfort bed problem cleanli hotel room properli clean towel bed sheet chang daili basi wall thin make noisi particularli night dine area unimpress limit select food hotel staff friendli respons oftentim ineffici custom servic need signific improv,1,NEG
room servic top notch locat conveni close main attract room temperatur littl difficult control,1,POS
terribl front dest staff impolit custom,0,NEG
proxim hotel main site washington dc commend hotel date thing worn need replac breakfast poor qualiti overpr get custom servic also mark,1,NEG
locat good bed comfort bathroom gross use shower cours use loo one time result soak wet pj bottom water sit floor like swamp orient staff book upcom stay cancel within hour arriv,0,NEG
hotel modern super clean room comfort bed locat near mani tourist spot extrem conveni besid staff help kind consist go beyond make stay enjoy howev breakfast could use bit varieti improv decent enough,1,POS
clean comfi polit recept well let tell hotel advertis park chamc park underground bumper got hit angl entracnc appropi car damag final went sleep lot nois neghbour room poor insul morn staff start convers offic close room whey loud even could hear stori apparenlti someth lot nois door smash well wierd violent nois prevent fall back asleep dress went recept ask wakeup manadatori receptionist understood fix problem staff ceas chat door nois continu till late decid leav slept hour hotel pay almost devid number hour probabl one expens tax per sleep understand classifi custom expect least comfort frequent travel anf far worst comfort experi note manag train peopl insul room otherwis rate fall,0,NEG
locat rel central staff best manag hotel accommod par thin mattress made uncomfort night sleep breakfast meager offer much less would expect hotel price rang nois outsid adjac room also quit disrupt littl effort made soundproof room,1,NEG
good spread good polit servic bathroom door need proper fix,0,POS
good locat look beauti photo well real life thing work lightswitch plug shower leak bit turn thing miss like toilet brush arriv chair pretti bad stain ask coupl time get clean switch anoth chair even alarm went whole build evacu outsid ofcours fault hotel certainli posit addit stay,0,NEG
structur potenti nice hotel respons tri contact via book like time time frame week never got one singl answer staff speak english hard commun check issu room servic etc room clean got pictur,0,NEG
hotel michelangelo bucharest joy stay staff welcom room beauti furnish comfort locat excel within easi reach local attract occasion nois traffic minim,1,POS
eurostar berlin hotel defin comfort luxuri room well furnish clean spaciou servic impecc staff eager assist locat heart citi hotel offer easi access popular tourist spot overal excel wifi connect room lag time,1,POS
chic design excel locat outstandingli friendli staff make place stand bed dorm room slightli uncomfort,1,POS
hotel central locat easi access mani dc attract room quit spaciou comfort room dine option could also wi fi connect patchi time,1,POS
staff extrem polit help room clean noisi peopl go breakfast pass next room fifth floor,0,POS
experi could influenc circumst locat great central locat love look hotel stay hotel best circumst power outag area locat suppos stay automat lock ceas stop work power outag around pm rh collect hotel also experienc power outag might front desk staff welcom fluster happi rh collect could accommod us arriv could find reserv could honor book book com end paid agre get room reserv front desk staff could figur book com reserv disregard complet front desk staff welcom fluster point tire took avail hotel servic basic bed comfort happi stay longer overnight tri speak manag told avail also told book com reserv could honor make sure follow phone call book,0,NEG
central locat easi access main attract poor hygien standard room appear unclean staff unrespons request food unimpress servic averag,1,NEG
locat hotel fantast close enough alway busi sol region far enough away quiet night staff realli friendli help although spoke english patient enough listen attempt spanish room clean gorgeou balconi enjoy morn coffe late night drink breakfast great lot choic wine bar close night stay due holiday enjoy sit drink even go night mayb late night nightcap taken away disappoint especi advis beforehand,0,POS
hotel seventi seven rome truli sparkl gem local locat spectacular right heart citi interior art collect feast eye person servic add extra wow factor minor niggl would slight nois bustl citi disrupt stay,1,POS
b b clean comfort locat close venu want visit everyth perfect,0,POS
pleasant stay hotel locat truli uniqu recept staff quit friendli room rel comfort clean well maintain howev bathroom bit small issu clean staff unexpectedli enter room asleep quit unsettl,0,POS
chanc breakfast locat wise good staff give room super small room until cant move difficult monil old peopl final move us anoth room bigger batroom facil request someth mani tme promis bring room until check never happen futher inform,0,NEG
locat quit central access public transport accommod subpar uncomfort bed small room nois nightclub vicin unbear earli hour morn servic lacklust staff somewhat unrespons friendli housekeep seem irregular ineffect leav room entir clean suppos continent breakfast extrem basic worth price addit wifi signal intermitt cut inconveni busi leisur travel recommend hotel due neg experi,1,NEG
apart larg well equip close shop mall limit park space,1,POS
book confirm hot water room staff pro,0,NEG
ok locat staff leav room door open done clean know fix basic internet tv issu,0,NEG
great locat realli close citi centr nice neighbourhood close citi transport thing like abl open window room better ventil,0,POS
locat quit conveni unfortun cleanli sever lack disturb find dust bunni bed soap scum bathroom addit nois level street almost unbear make difficult get good night sleep servic also fell short staff almost non respons concern,1,NEG
room spaciou clean staff welcom locat peac offer respit bustl citi shuttl servic time could flexibl,1,POS
valet staff even though think might dent car staff need custom eccentr courteou help,0,NEG
hospit staff cleanli villa impecc enjoy uniqu blend scandinavian indian cuisin breakfast menu perhap downsid limit option room entertain,1,POS
absolut stun hotel incred comfort superb attent detail room spaciou bed incred comfort anyth specif wrong bit pricey usual travel budget,1,POS
polit friendli staff room littl date could cleaner bathroom mildew corner enough light room,1,NEG
good locat realli nice receptionist clean room problem water bathroom one person could take shower water stay look like drain foul ask clean sinc left next morn,0,NEG
locat hotel skypark myeongdong perfect need right heart seoul room clean spaciou wonder view citi staff help courteou throughout durat stay everyth great noth dislik stay,1,POS
hotel decor modern uniqu room impecc clean comfort staff excel help friendli also locat fantast lot restaur shop nearbi light bathroom could brighter breakfast select could bit extens small detail,1,POS
hotel well situat near templ heaven made sightse conveni hotel also love interior decor tradit chines element enhanc charm howev sever aspect quit disappoint firstli room servic extrem slow often take hour deliv simpl order clean standard also left lot desir found dust furnitur room addit wifi signal room consider weak lead frequent disconnect made difficult necessari work onlin,1,NEG
proxim nearbi attract public transport conveni found hotel room qualiti underwhelm room clean properli experienc issu plumb room servic rather slow food mediocr best hotel staff seem uninterest happi assist,1,NEG
hotel impecc locat right heart myeongdong room clean cozi well equip staff courteou help daili housekeep also nice touch realli noth fault,1,POS
locat great near train station right next east side galleri seem three differ extern event three night stay book hotel social area advertis guest use therefor use space rooftop bar disappoint sell point book hotel hotel room design badli small minim storag basic room amen coffe tea make facil,0,NEG
hotel prime locat clean friendli staff breakfast includ packag price,1,POS
inn hostel ankara offer love experi homey atmospher room spaciou clean comfort bed staff care friendli alway readi give advic citi attract locat ideal allow easi access local eateri shop citi center wi fi connect could improv slightli unstabl room regardless minor detail experi wonder overal,1,POS
beauti room great facil help staff locat heart washington c fantast bar restaur within hotel excel downsid breakfast dine area overpr would recommend go breakfast,1,POS
nice locat room clean comfort think anyth neg,0,POS
breakfast dark basement unprofession staff price high qualiti room,0,NEG
primari plu hotel locat seriou mainten problem need major refurbish room dusti fairli old servic recept could also use improv given littl help check,1,NEG
close airport rel cheap staff friendli help room rather old well clean,0,NEG
found holiday inn express beij templ heaven comfi enjoy place stay locat far citi centr provid easi access popular attract public transport room clean spaciou love view staff welcom help truli made stay pleasant breakfast buffet good choic local well western dish delight way start day minor commun hiccup given languag barrier noth major affect overal experi,1,POS
excel locat far everyth could need around placa sol friendli effici staff good room size love balconi good rang breakfast central air condit system never would book hotel without air condit realli bad fals advertis given varieti lie work final told turn staff good talk us around would walk immedi access fresh air balconi thing made stage toler even leav door open night nois madrid night life continu,0,NEG
chic hotel modern art deco inspir interior breakfast fabul wide rang food differ intern cuisin locat absolut perfect lot shop cafe bar attract within walk distanc wish window room could open fresh air howev hotel good ac system,1,POS
still ok corner room room small dark,0,NEG
sofitel le scribe pari opera offer luxuri stay room incred spaciou well appoint suprem comfort bed staff commend help courteou servic amen top notch central locat major plu major attract within walk distanc,1,POS
comfort bed ever seen,0,POS
hamilton hotel conveni locat close lot attract staff quit help ask assist whole structur old time charm quit pleas hotel overal quit nice find cost room servic bit high compar hotel stay,1,POS
great locat good locat everyth els expect problem toilet room poor sound insul level cleanli need improv breakfast disappoint,1,NEG
conveni locat dirti room poor servic aw food,1,NEG
room clean expect could find dust surfac corner breakfast unvari rather bland issu wifi coverag made work room problemat heat system effici enough keep room comfort night,1,NEG
noisi neighbor also seem hotel bit date furnitur,1,NEG
locat central staff nice help us room smell like cigarett mold bathroom,0,NEG
shower good enough guest servic short towel blanket custom servic took well minut contact,0,NEG
much good say place disappoint compar experienc book com destin rate room tini claustrophob smell like window open month ventil non exist taken shower entir room would stuffi hour imposs vent privaci sinc neighbor across look right room c work hallway appear dirti old autom checkin system work upon ask person desk help reluctantli spent second regist key card made feel like hassl day instead valu guest great welcom,0,NEG
great thank,0,POS
outstand servic delight meal highlight stay locat also conveni nestl bustl part citi hotel bit date howev well maintain,1,POS
except staff servic noth,1,POS
realli enjoy stay catalonia gran v madrid locat perfect within easi walk distanc tourist attract great restaur staff friendli help suggest thing madrid wi fi signal bit weak room sometim made difficult connect internet,1,POS
delux room lot space good breakfast locat ok park right next personnel smile welcom except person recept poor english breakfast serv poker face nice st room given balconi even though per room descript room chang smoke room wifi work cancel rest stay work funni busi hotel towel place bathroom big hole middl,0,NEG
locat hotel decent shop option nearbi unimpress servic found staff recept quit rude room small hardli space move around cleanli left lot desir bed comfort breakfast limit option,1,NEG
love locat heart rome comfort room beauti art work staff phenomen help minor issu light room promptli fix,1,POS
locat ideal explor citi sever main attract within walk distanc room cramp furnitur quit worn hotel also offer park servic internet connect poor unreli throughout stay,1,NEG
good locat small room languag barrier staff long check time unapp food restaur,1,NEG
nice design room breakfast good wifi useless work hotel room well lobbi area either noisi room ever hotel music outsid felt like insid room could sleep music nois bar outsid clean good stain sheet shampoo etc littl bottl bathroom left previou guest even hair,0,NEG
bed comfort breakfast delici servic top tier mention locat perfect walk popular landmark noth signific mention,1,POS
excel hotel excel locat room spaciou clean super comfi bed staff help attent without intrus breakfast buffet delight plenti choic notic anyth substanti,1,POS
locat good blare music middl night staff call middl night clear utensil even though told sick child,0,NEG
hotel nation montmartr conveni locat near vibrant nightlif wonder restaur staff incred welcom help room small clean comfort wall could use soundproof nois adjac room corridor could heard time,1,POS
hilton washington dc capitol hill offer truli except servic receptionist bellhop room spaciou comfort furnish high standard locat unbeat stone throw capitol major attract signific downsid stay,1,POS
spanish suit campo de fiori absolut beauti wonder locat right heart rome room well appoint comfort clean excel servic staff friendli extrem help breakfast ampl delici easi walk mani sight restaur found wi fi bit sporad room littl frustrat spend much time room big deal,1,POS
big room good breakfast nice hotel also quiet amen good fanci hotel would recommend subway station minut walk hotel mega imag store close buy food,0,POS
fantast locat close major tourist attract staff friendli room also spaciou clean well equip minor mainten issu bathroom resolv promptli hotel staff,1,POS
marvel hotel top notch facil great locat close enough opera hous louvr museum noth notabl,1,POS
central locat near shop district room small ill ventil bed properli clean,1,NEG
hotel locat almost center citi near park street mani cafe restaur hotel wonder cafe staff polit attent guest special thank mustafa help organ leisur time small number dark color palett,0,POS
locat hotel favor locat citi center offer easi access market tourist attract properti infrastructur also noteworthi experi prime delhi underwhelm hotel staff attitud accommod expect caus discomfort interact room well maintain bed linen untidi bathroom properli clean nois street disturb sleep night addit servic hotel hous restaur slow food averag align expect,1,NEG
nice place staff wonder open support good knowledg english well locat top rooftop swim pool definit book futur non enjoy everi singl second,0,POS
clean comfort breakfast delici noth,0,POS
hostel incred uniqu lot charact dorm room clean comfort share facil well maintain particularli enjoy friendli laid back atmospher opportun meet travel around world locat also excel mani berlin main attract easili access foot via public transport light sleeper might find bit noisey due histor style locat,1,POS
conveni locat easi access public transport room quit small lack need amen also nois street disrupt night,1,NEG
proxim airport perfect earli morn flight hotel provid reliabl shuttl servic room comfort quiet staff extrem courteou site restaur serv appet meal reason price wifi connect bit unpredict could definit use improv,1,POS
locat size room room servic gym sauna swim pool expens,0,NEG
hotel locat good close pari icon sacr c ur public transport station hotel room quit small cramp make uncomfort wi fi connect quit slow inconsist caus interrupt work lastli bathroom facil maintain properli,1,NEG
locat comfort bed poor water pressur shower nois renov work build danger stair,0,NEG
locat nh collect roma centro definit strongest suit situat close vicin mani rome attract also hotel equip charm bar restaur howev room condit subpar best date furnitur visibl worn air condition inop despit notifi staff multipl time action taken fix issu cleanli room anoth issu seem obviou shortag housekeep staff clean servic irregular often late afternoon bathroom look like properli clean age breakfast disappoint well option limit food ran pretti quickli front desk staff came across rather unfriendli particularli help provid solut numer problem occur stay given unsettl experi cannot recommend hotel anybodi visit rome,1,NEG
hotel ground green peac tranquil pool definit plu regrett room date realli clean bathroom need renov towel rough old wifi slow often disconnect breakfast disappoint price paid,1,NEG
good price room cold heat took long bare warm room heat noisi littl consum provid roll toilet paper use blanket provid linen know provid extra cost inform see normal push peopl pay extra sleep cold night case,0,NEG
good price nice locat thing sound insul hear everyth neighbor,0,NEG
locat hotel mimosa pari rel conveni tourist activ unfortun room cramp nois level street often unbear make hard get good rest furthermor facil maintain well custom servic left lot desir,1,NEG
clean bed uncomfort way overpr get locat far away citi centr extrem busi area traffic wise staff help,0,NEG
locat central apart excel central lot shop restaur around unfortun stay mar sever issu apart clean expect furnitur quit date wifi connect poor shower littl water pressur mattress bed lumpi uncomfort make poor night sleep top commun host quit difficult,1,NEG
locat attent staff park expens,0,POS
locat clean shower mold blond hair place also weird smell basement,0,NEG
love interior great locat friendli staff like restaur staff could use aom basic train commun english abl understand tourist,0,POS
locat expens night hotel definit valu money breakfast select qualiti poor staff seem indiffer elev work properli larg hotel meant long wait time get room photo breakfast bathroom say least mislead,0,NEG
hostel situat great locat staff friendli room clean wifi signal could stronger,1,POS
well staff unhelp tri get voucher two breakfast paid book com told even manag sofa bed broken call mani time blanket daughter scrape toe frame bed even get bandaid front desk told call secur famili friendli hotel,0,NEG
fantast locat right heart myeongdong surround shop food room clean comfort staff friendli help appreci free shuttl tourist attract,1,POS
locat decent short walk citi center sever shop restaur room smaller expect bed uncomfort wifi unreli would period cut make difficult onlin work staff also seem particularli knowledg local area abl provid much assist term recommend direct,1,NEG
good hotel good custom servic,0,POS
bed big safe felt new mini bar stock reason price expens instant coffe rank housekeep come ask receptionist park suitabl area get answer instead inform spa book pay,0,NEG
locat excel situat right heart dongdaemun shop district room clean well kept staff friendli help,1,POS
good breakfast clean hotel pool gym famou steak restaur close,0,NEG
great locat restaur food good hotel undergo remodel,0,POS
locat perfect,0,POS
hotel central locat staff extrem profession courteou breakfast could littl vari,1,POS
situat conveni heart pari hotel nation montmartr offer excel servic room neat modern authent french breakfast delight everi morn staff beyond friendli amiabl went beyond ensur comfort area bustl cafe shop metro short walk away made sightse breez although bathroom bit compact still clean manag would great provid tea coffe make facil room,1,POS
hotel park inform park complet bias enter hotel advertis book first inform appear park avail later page inform repeat go inform discov park paid park lot euro day price irrelev close say park avail untruth hotel center big citi park avail alway paid park close turn inform harm guest case need park hotel recept assist luggag travel wife two children one babi two grandmoth variou luggag trust park avail inform stop park lot meter hotel make three trip carri everyth need issu detract posit may hotel rel good well taken care good shower towel rack great locat one import item park search app hotel park,0,NEG
good locat near histor station close happen also appreci time breakfast offer room smear booger two separ wall ask clean posit head sleep breakfast mediocr think breakfast restaur across street better spent person,0,NEG
good locat nearbi restaur poor custom servic noisi room minim soundproof slow wifi connect,1,NEG
comfort bed love spaciou hot shower toiletri provid bottl water room breakfast love plenti nois nois nois kept awak hour friday saturday night loud music drawer wardrob cloth safe fridg room,0,NEG
room turn better pictur clean even though crapet stain still felt clean step check bare feet white sock good buffet breakfast variou enough hearti fresh tasti like shampoo bodi wash smell nice good effect skin hair even though personnel mostli speak english help overal good experi good,0,POS
locat excel roof top bar also great bar staff love bed comfort room clean realli good valu money noth,0,POS
build beauti wonder locat housekeep servic left lot desir towel properli clean shampoo soap replenish bathroom dust spot sever part room also wi fi connect unstabl slow inconveni busi travel may need work,1,NEG
upstair boutiqu charm modern hotel heart bucharest particularli enjoy stylish room highlight local craft hotel staff incred welcom provid excel tip local food spot attract includ breakfast hearti wide rang option slight downsid wifi occasion drop howev staff quick reset upon request,1,POS
beauti properti believ three star hotel good decor nice staff good amen fab locat room littl small job short getaway,0,POS
hotel nestl diplomat enclav citi conveni locat staff cordial hospit ashok varieti restaur choos serv excel cuisin room spaciou clean bed comfort wifi connect room bit slow time,1,POS
manish gener manag one give confort stay even misunderstand give solut solv except lobi manag speak chines want someth,0,POS
perfect locat staff good pleas recommend everyth perfect,0,POS
staff love breakfast good great select suit tast pool except clean water temperatur perfect spa area wonder enjoy coupl hour relax resort quiet locat suit us especi weather hot could relax pool sound citi rooftop bar restaur fabul would definit recommend resort return rome would first choic bad comment make,0,POS
excel hotel good locat mile white hous sever restaur walk distanc staff friendli room larg clean noth complain,1,POS
locat amidst busi place owe railwa station nearbi wasnt amongst famili friendli place breakfast good room spaciou wifi work bodi bother look even sever remind complaint ac threw bucket full water good thing attend door clean mess minut time complaint mani better hotel vicin,0,NEG
fabul locat explor washington dc room small hotel overpr offer,1,NEG
dirti clean good experi wouldnt come,0,NEG
okay one night stay especi travel train close easi walk main station staff phone kind call ask ac saw thing advertis accur get vend machin lock refriger drink small coffe maker recept like pictur even left morn ac work though said broke would work next weekend guess realli shower made water go bathroom floor,0,NEG
great locat larg room balconi,0,POS
conveni locat remark minut distanc airport staff friendli extrem help room clean comfort quit conduc good night sleep long flight tv channel turkish without option english subtitl dub,1,POS
locat hotel close citi center room clean photo curtain torn dust furnitur towel bathroom look old worn room also peculiar smell,1,NEG
locat hotel vivaldi berlin kurf rstendamm quit conveni us heart berlin howev room extrem small cramp hardli space move around cleanli left lot desir stain sheet bathroom grout mouldi nois pollut street extrem disrupt sleep found staff dismiss interest solv problem wi fi weak unreli caus us lot inconveni,1,NEG
staff friendli help locat perfect walk distanc white hous area neighbourhood restaur bar shop confer centr minut walk easi reach hotel look quit date wifi occasion abl provid fast connect use mani user e g morn room ac abl realli cool room day even quit warm despit ac turn max cool fan speed bit disappoint room mini fridg would like cool water yoghurt breakfast restaur leftov cool fridg appear issu room colleagu without kitchen,0,NEG
super clean super friendli inform staff,0,POS
locat hive hotel commend right central rome rude staff dirti room terribl breakfast thing rememb hive hotel despit locat right center rome hotel poor servic overcast strateg locat tini room dusti poorli maintain breakfast serv compris stale bread cold coffe left disappoint hive hotel,1,NEG
quiet staff respect need drink water enough bottel refriger,0,POS
prime hotel delhi truli delight servic impecc attent friendli staff alway readi assist room spaciou well furnish extrem comfort make great place unwind day sightse food exceed expect varieti delici local intern cuisin also central locat made easi explor citi honestli struggl find signific flaw stay,1,POS
free wifi restaur cafe food overpr staff help understand mix gender share bedroom price share femal bedroom like two week share room guy tri switch room share femal room expens understand like food hotel overpr soap public bathroom never refil trash bathroom overflow sink bathroom dirti like staff monitor nois complaint lobbi allow big group take lobbi also guest use group reserv space would rude disrespect basic make guest leav spot work first cleaner clean bathroom well room told amen hotel arriv lack commun standard protocol guest come hotel dog allow hotel especi around food area like cafe like dog around food eat know shed fur everywher especi staff cafe shorthand keep clean cafe ran pastri stay open pm unsaf experi hotel stranger tri ask could help book reserv staff would let reserv room feel secur need improv recommend hostel anyon know,0,NEG
clean cozi staff friendli help would recommend place anytim bed bit hard window blind curtain stay first floor constantli curtain pull one could see insid made room dark use light even though sun shine outsid howev complain high level everyth perfect,0,POS
great locat nice hostel hot room,0,POS
room spaciou clean staff incred friendli help locat hotel citi center conveni allow easi access local attract buffet breakfast could wider varieti especi dietari restrict,1,POS
hotel locat near public transport make easili access room small lack basic amen staff also friendli,1,NEG
locat hostel conveni public transport hardli facil make use hostel old requir major renov staff welcom custom servic well standard room cold stay winter heater work adequ price paid worth amen provid,1,NEG
varianc breakfast dish choic much better,0,NEG
conveni locat airport soundproof room poor could hear everi convers movement room next door also cleanli room left much desir notic dust stain carpet lastli servic hotel restaur disappointingli slow ineffici,1,NEG
good locat good size room larg bed chair good size tabl possibl make coffe nespresso machin rather small bathroom good shower ventil room bathroom poor lot nois room quit period polici joke,0,NEG
locat staff small room,0,POS
hotel seren environ hotel rather far citi centr shuttl servic consist room quit outdat malfunct air condit staff seem accommod qualiti food restaur underwhelm also pool well maintain wi fi connect poor throughout stay,1,NEG
modern confort clean hostal,0,POS
nice clean,0,POS
conveni locat near georgetown univers easi access citi centr massiv comfort well clean room breakfast recal might better light hallway hotel brighter,1,POS
everyth good,0,POS
hotel central locat ideal explor rome room stylish comfort staff friendli help hotel also offer complimentari breakfast roof terrac offer stun view citi wifi connect good part hotel,1,POS
hotel locat across street supermarket next variati shop news stand walk distanc main attract public bu train station nice stuff wi fi work room hotel fix entir stay,0,POS
locat near bahn station,0,NEG
hamilton hotel delight stay locat conveni subway station shop street food market within short walk distanc staff profession courteou room well maintain clean bed except comfort amen also top notch hotel also swim pool becam relax spot day sightse dine option abund around hotel also like hous restaur downsid room face street bit noisi time mayb room away street could solv minor issu,1,POS
excel stay wonder atmospher locat hotel perfect situat close citi main attract right kurf rstendamm shop street room clean comfort quiet staff effici profession extrem friendli noth particularli call,1,POS
come regular basi year busi purpos worst welcom far come stay anymor come regular basi year busi purpos worst welcom far come stay anymor,0,NEG
clean recept servic price servic poor hostel way cheaper better servic would keep lugagg flight late cold machin check noisi would recommend hostel unless young,0,NEG
hotel conveni situat offer easi access mani popular landmark attract staff multi lingual gener will help despit great locat hotel riddl problem room quit small much need renov bed uncomfort wit nois leakag disrupt sleep wifi connect also poor made hard work insid room,1,NEG
found lot hair lot small black dirt bed staff especi night shift super rude us welcom,0,NEG
holiday inn express beij dongzhimen provid seamless stay begin smooth effici check process room well appoint clean offer necessari amen locat also great well situat easi access public transport varieti local eateri major tourist site notabl downsid worth mention,1,POS
locat wifi stabl room servic end room servic hour least provid light meal,0,NEG
amaz hotel spaciou room great amen staff except help central locat made explor citi incred easi breakfast bit limit could benefit varieti,1,POS
room comfort clean good amen provid staff friendli help locat conveni sightse around beij,1,POS
cafe staff nice help order pizza delici cook talent clean ladi nice friendli locat hotel realli good walk tunali hilmi even kizilay easili find tunali safe place first gave us bad room dirti small water drain shower cabin bathroom door broken one light wall work complaint room immedi gave us bigger much better room howev sinc insul window good room roadsid noisi traffic internet connect bad sinc internet phone turkey basic thought wifi fine hotel howev work room wifi work cafe downstair though also say receptionist unprofession,0,NEG
hotel locat conveni access variou part berlin experi amano east side rel disappoint firstli room acoust par extern street nois promin audibl secondli servic fell short expect particularli term housekeep recept staff respons lastli wi fi connect underwhelm provid subpar speed hinder abil work seamlessli,1,NEG
locat c elev work arriv partial fix floor stairwel well lit water come wall behind sink day shower recept flood one day walk put towel alert properti problem littl clearanc bottom bed step hallway trip hazard metal rack hang cloth closet,0,NEG
profession staff secur measur c social distanc measur indic geograph localis nois thing,0,POS
citi center locat sweet comfort room,0,POS
locat price realli good,0,POS
interest decor lack cleanli room internet connect spotti unreli breakfast mark,1,NEG
prime locat quit downsid stay room servic reliabl televis room order price mini bar astronom,1,NEG
like courtesi extend staff one good spread breakfast dine italian restuar good experi first room assign extrem corner hotel wit citi view like got chang pool view though extrem end build still better pool view overal pleasant experi day stay noth like,0,POS
songi hundr year courtyard hotel oasi tranquil bustl citi beij tradit architectur coupl modern amen first rate guest servic make unforgett stay hotel locat cultur heart citi make conduc immers local experi littl bit hard find first tuck away alley experi compens,1,POS
noth small room poor light room request tissu room zero respons,0,NEG
except architectur central locat room well soundproof nois neighbor room disturb custom servic also lack long check help offer luggag room dine menu limit lack qualiti,1,NEG
hotel conveni locat within walk distanc mani rome attract hotel staff friendli help room spaciou well appoint comfort bed clean modern bathroom major complaint would better kettl room provid,1,POS
hotel leav pleasant comfort impress central locat allow easi access attract servic staff welcom help room satisfactori term comfort cleanli breakfast could better varieti decor bit outdat,1,POS
room renov breakfast facil due covid hotel size month make arrang also bad sound insul adjac room,0,NEG
staff friendli locat conveni close citi center howev hotel overal cleanli need major improv particularli bathroom sign mildew nois level also quit high result lack proper sleep,1,NEG
bed comfort breakfast select larg staff extrem help hotel could use updat place,1,POS
bar downstair realli nice good music room loud hear pretti much everyth go staircas room bed extrem uncomfort shower human standard recommend relax visit,1,NEG
even entertain enjoy inconsist slow servic ruin stay room dine took unreason long time follow numer time housekeep staff ineffici room clean properli call multipl time condit room also mark luxuri hotel facil get old need refurbish lastli nois level high could hear outsid road traffic adjoin room,1,NEG
locat good lot coffe shop nearbi could walk anitkabir easili think particularli fussi enjoy stay top bunk rail safeti bar aka noth stop roll handl get top bunk pull wall get bed struggl tv bunk realli necessari anyway show error messag turn cover towel room tini shower small flood bathroom space get chang kitchen dirti hardli cutleri etc social atmospher whatsoev,0,NEG
staff fantast help friendli gave advic assist buy ticket onlin room comfort fridg room good easi book food deliveri taxi good stay second time top choic stay beij noth,0,POS
covid breakfast find mani place serv breakfast butter pancak shop meyong dong area street across road front hotel meyoung dong station exit away room realli great toilet separ shower separ well basin coupl privaci hotel great restaur lunch dinner great food drink roof garden view die view great tri room west side east littl noisi want long term stay place room east side littl noisi could sleep actual like far far away citi sound sometim sun rise earli east side lucki cloudi raini overslept,0,POS
locat hotel perfect close metro station staff friendli help room clean modern quiet great valu money issu stay,1,POS
central locat room spaciou bed comfort staff friendli servic orient view room breathtak could dine option,1,POS
proxim nearbi market area train station conveni room quit small price towel provid clean nois street constantli disturb make hard good night sleep also hotel staff cooper ask address issu,1,NEG
staff nice fast clean look like star hotel pool weak good facil like gym sauna even steam room work noth room eat mini bar like similar one beij,0,NEG
locat nice tge breakfast well made,0,POS
uncomfort room,0,NEG
properti fine travel car stay hotel said privat park park car street result hit car realli recommend car park even say car alway go back forth cold engin reason safe park street breakfast,0,NEG
room comfort clean spaciou bar staff exist get drink breakfast staff seem like want,0,NEG
hotel locat heart pari save grace overal experi rather disappoint room realli small uncomfort bed thin wall lead disturb sleep breakfast quit substandard price free wi fi pain slow staff inattent particularli friendli accommod,1,NEG
noisi felt like stay hostel share room everyon stay floor wall thin could hear everyth,0,NEG
locat clean towel blanket room refriger,0,NEG
locat good lot restaur store nearbi room bathroom extrem small cramp mold bathroom room also musti smell free wifi bad qualiti even check email staff seem uninterest lack custom servic skill,1,NEG
breakfast delight host made stay except pleasant,1,POS
locat amaz locat heart one crazi gem beij bathroom clean,0,POS
locat hotel vivaldi berlin kurf rstendamm quit good right near u bahn station within reason distanc mani citi main attract also mani restaur shop around conveni unfortun room hotel quit date could use modern updat also disappoint find mini fridg usual standard mani hotel wifi also quit unreli connect multipl time day wall seem thin could hear nois neighbor street outsid lastli although staff gener friendli seem uninterest seem care much provid good servic,1,NEG
hotel locat heart bucharest old town place center activ local attract despit prime locat experi moxi bucharest old town far satisfi room smaller expect limit storag space person belong bed uncomfort firm nois street extrem disturb especi late night state cleanli also problem room well maintain housekeep inconsist addit staff particularli warm welcom make stay even less pleasur,1,NEG
holiday inn express beij dongzhimen offer clean comfort room modern amen particularli impress breakfast mix local intern cuisin option satisfi tast also conveni locat close proxim transport link major attract make easi explor citi probabl downsid lack gym attract around plenti walk keep activ,1,POS
hotel locat excel locat staff member courteou went way make stay comfort room clean spaciou well equip breakfast enjoy divers rang option fit center indoor pool superb downsid slight difficulti commun non mandarin speak guest manag affect qualiti stay,1,POS
beauti spaciou clean room necessari amen cozi green place supermarket nearbi good price nice hotel staff,0,POS
staff extrem friendli exceed expect room clean comfort well decor hotel locat perfect easi reach site want visit also impress breakfast includ stay great way start day overal experi excel wish hotel gym sort fit center,1,POS
enjoy clean room great servic locat spot sightse staff friendli despit minor commun issu due languag differ everyth satisfactori,1,POS
room size realli small safeti box room also hotel shutdown electr one night hour due mainten charg us full night fair realli disappoint,0,NEG
appreci art piec display around hotel gave charact locat save grace close proxim popular tourist spot sever aspect stay unimpress firstli room servic subpar clean thorough frequent found dust cluster around corner room furnitur bathroom fixtur outdat sometim dysfunct dampen experi lastli nois level street disrupt sleep sever occas hotel staff consid acquir soundproof window wifi connect also patchi caus inconveni need solid internet access work commit,1,NEG
nice furnitur setup upon checkout front desk made wait count item fridg see anyth stolen consum end pay taxi kept taxi wait internet bad drop everi minut noth happend complaint made sunday guy came inform complet internet complet internet part saturday sunday,0,NEG
locat great staff realli friendli room big even given upgrad breakfast probabl worth euro also arriv late night stay annex build treck suitcas build wise good stay,0,POS
clean spaciou room stun citi view staff incred help offer local tip quick check check servic food breakfast fresh vari offer great start day proxim public transport link ad bonu mani con hotel could use updat public area,1,POS
locat hotel breakfast good staff attent,0,POS
central apart treat stay visit bucharest central locat conveni plenti restaur site nearbi apart clean spaciou well equip long stay staff friendli alway hand help need queri much put genuin great stay,1,POS
room amaz pool weird color sure clean,0,POS
easi access train station room except small cupboard space keep luggag bathroom small seem clean wi fi connect poor often disconnect addit hotel noisi busi area difficult enjoy peac night sleep,1,NEG
peac hotel room comfort particularli caught attent hotel quiet area surround natur away hustl bustl citi center excel choic travel look peac relax room modern spaciou provid beauti view park pool area enjoy well maintain hotel staff incred courteou went way assist us stay locat bit far citi center much around immedi vicin hotel need take bu get nearest metro station make hotel less ideal wish within walk distanc major point interest,1,POS
hotel varieti issu firstli room significantli smaller advertis also disrupt level nois neighbor nightclub earli morn hour mention make book provid breakfast minim disappoint given price stay also hotel lack cleanli requir mainten fixtur evid broken unus patron servic particularli neg experi staff unabl commun english well often unrespons dismiss complaint request overal would recommend hotel seventi seven maison art collect tourist look peac enjoy stay rome,1,NEG
famili stay westin grand berlin found wonder luxuri experi room stun design made us feel immers berlin histori cultur breakfast real highlight though offer wide varieti choic cater tast well function heater good job keep cold great minor gripe occasion slow servic hotel restaur peak time signific issu,1,POS
good hearti omellett attent help waiter waitress fridg work ben jerri ice cream cup cap sofa must previou client left unclean call recept said clean repair servic even ask chang room ralli began one room offer chang dirti floor sticki trace remark stain sofa chair anoth room share door next guest room reflect nois yet anoth one consid option air condit happen end long work day come tire hotel instead relax switch room room pm pm wander around floor repack luggag final settl last room realli want get rest bad experi,0,NEG
locat great citi walk madrid amaz metro stay center room tini ok citi center breakfast far worst breakfast seen even breakfast middl nowher usa roadsid motel probabl resid better breakfast give paper ticket day recept visit attach cafe choos option none good remot fill spend money spent eur bacon scrambbl egg bacon refil anyth water offer horribl wast money check experi wait minut recept guy finish talk custom spanish trigger say even word english us also forc pay twice intern error leav check,0,NEG
decor hotel realli special uniqu staff realli welcom pleasant aid everyth ask bug problem room arriv room fill bug mosquito window open receiv room staff apolog inconveni offer us anoth room take care bug problem wait lobbi worker got rid mosquito bug locat hotel far citi center hotel locat neighborhood close even main street hard walk foot catch cab luckili staff help us order cab us,0,NEG
ickal hotel excel locat near top attract room spaciou clean staff fantast realli go extra mile ensur everyth perfect food delici vari would definit recommend hotel anyon visit ankara,1,POS
quiet middl park lot plant around easi arriv quicli vatican major attract even get cool pool great asset stuff patient help get ticket visit vatican us perfect,0,POS
great locat friendli staff everyth work good water pressur shower air condit warm cold bed pillow soft good sleep wifi strong small complaint worn carpet room badli need replac,0,POS
locat great clean nice littl kitchen insid quit handi breakfast contact properti coupl day advanc request babi crib time arriv pm staff help us sinc room crib lock key morn babi use sleep babyb import us pay extra hotel option first night aw slept hour second garag clearanc allow big truck park min away hotel bad thing annoy travel kid,0,NEG
locat conveni easi access variou spot citi howev servic mark internet connect poor persist unpleas smell room,1,NEG
locat fairli central extrem noisi neighborhood terribl servic cleanli standard simpli unaccept,1,NEG
locat novotel beij peac commend close proxim subway shop district lobbi staff welcom tri help way could hotel experi less satisfactori room drab poorli lit properli clean room amen sever lack wifi connect poor televis limit english channel furthermor commun major staff quit challeng due barrier languag dine option hotel satisfactori food bland undercook price reflect servic accommod provid,1,NEG
staff intern inn hotel friendli accommod go way assist us day night proxim airport fantast particularli transit food avail hotel restaur delici top place clean well maintain downsid pool might deal breaker hot summer month,1,POS
poor valu high cost meet standard price lack cleanli amen custom servic,1,NEG
staff friendli c make alot nois sleep disappoint check someth like give us room mainten came basic help,0,NEG
staff courteou hotel locat made easili access mani sight scene room hardli clean dust pile corner unwash bed wifi larg inconsist food great either narrow lane lead hotel could also issu,1,NEG
hotel conveni locat near termini station staff extrem friendli help breakfast also excel great varieti option wifi connect room sometim unstabl,1,POS
servic adveniat pari truli except staff friendli respons alway readi assist room clean food excel locat ideal sightse around pari quit busi time overshadow excel experi,1,POS
like staff realli help nice great locat clean valu money,0,POS
food excel provid room th floor ac work room even multipl complaint much done one hour room chang given room th floor travel famili book room one higher categori higher categori ac issu ask time check reason stay told dad birthday said arrang someth time checkout next day never happen mean atleast promis expect first place want go italian restaur way realli confus one point cross entranc khubani must say entri staff khubani rudest peopl met ask us go way cross path properti tri tell nice need cross way enter khubani path need cross femal staff liter yell us felt highli insult final one staff let us go sister cri far worst experi staff roam around like headless chicken khubani part properti courteou staff behavior uncal one thing even confirm food bill post room coffeeshop guy agre settl bill right ideal issu settl bill creat weird atmospher host dinner,0,NEG
grand mercur ankara stand except custom servic spaciou room gourmet dine hotel locat heart ankara make ideal choic busi travel vacation hotel pride keep date area feel littl date could benefit modern makeov doubl confirm reserv could also streamlin smoother custom experi,1,POS
nice staff good food clean room small ac problem solv eventu chang room,0,POS
locat excel near tourist zone pari room smelt pretti bad checkout time earli,0,NEG
friendli staff nice room decor food loung could divers,0,POS
locat pay internet bit downer given fact almost given place free wi fi plu room bit smaller side,1,NEG
staff locat poor breakfast,0,POS
locat fantast right besid gare de lyon train station servic marriott standard accustom check process slow staff seem overwhelm room quit small match valu price paid plu constant nois train station made difficult get good night sleep,1,NEG
locat novotel beij peac perfect within walk distanc subway station shop mall room clean spaciou comfort bed addit staff friendli help throughout stay neg aspect might internet connect bit slow,1,POS
locat okay room share entranc anoth room noisi loud bathroom bidet hand washer plug ask fix never came also clean servic come often,0,NEG
found minimalist design hotel nation montmartr genuin appeal locat phenomen stone throw away citi center key attract addit staff incred polit effici room spotless bear amen one could need albeit small room may feel tad cramp accustom spaciou accommod,1,POS
locat central even window close could hear pump music nearbi venu till,0,NEG
close metro properti improv cleanli breakfast area,0,POS
locat size properti outdat interior,0,POS
hotel situat central locat impress lobbi immedi give sens grandeur howev arriv room stori differ room felt outdat linen worn bed uncomfort staff attent prompt would expect hotel suppos calib also notic slight mildew smell come bathroom,1,NEG
hyatt regenc delhi extraordinari hotel top notch custom servic beauti room fantast select dine option locat new delhi also conveni close shop centr local attract wi fi connect bit slow stay,1,POS
hotel nice fa ade locat area plenti nearbi eateri unfortun stay hotel minerv less pleasant hotel room seem much smaller appear pictur staff inconsist servic often seem disinterest dishearten issu howev cleanli room sheet appear unwash found dust variou spot around room top nois level night unbear loud street nois poor sound isol within hotel would recommend hotel fellow tourist seek comfort relax stay pari,1,NEG
friendli staff construct renov work loud nois almost next room earli morn street nois loud least room street window isol mold bathroom ceil least look like,0,NEG
would like fit center,0,POS
locat wifi connect bad,0,NEG
hotel clean room spaciou locat also excel right heart old town close metro staff member also help friendli alway serv smile downsid nois old town guess locat unavoid breakfast could also varieti,1,POS
locat near monument museum restaur book room arriv hour earli check told would want check room readi pm howev went site see actual check pm staff decidedli discriminatori ask see id time stay less hr saw guest check id request also peopl check given receipt park car garag return request receipt upon check young ladi extrem rude us stay mess start shift blame previou shift apolog unprofession quizzic rude us room fairli clean hair found sink floor furnitur clean space could seen exampl behind nightstand lamp sit extrem dusti also charg per night addit fee advertis,0,NEG
staff friendli accommod locat hotel ideal close mani citi attract room clean well furnish,1,POS
westin grand hotel excel central locat room spaciou bed comfort staff front desk profession friendli also breakfast absolut amaz wide varieti high qualiti food wifi littl bit slow everyth perfect,1,POS
great staff friendli accommod room clean quiet locat perfect safe neighborhood close metro room improv breakfast option wider select would appreci,1,POS
hotel nice locat access great view notr dame sein river staff gener polit though locat good unfortun feel like good part end room quit small bad cleaner non smoke room yet sever cigarett burn curtain bed moreov wifi practic non exist nois room hall audibl time hotel also need proper renov everyth seem old exhaust,1,NEG
everi thing stair elev,0,POS
central locat poor soundproof small room lack cleanli,1,NEG
locat good close attract ac nightmar never got sleep due horribl heat pari ac fan imposs get rest sleep end sleep park morn day stay th floor aw,0,NEG
comfort mattress free luggag storag check conveni self servic laundri site clean team friendli provid much help possibl hiccup like hand fan broken lock luggag storag seriou safeti concern broken facil men burst room fix wifi room without notif ahead felt unsaf incid two women travel ask proof identifi men could provid slow custom servic respons time took manag team coupl hour find men could big troubl real safeti breach broken induct took team day fix stay night spent lot time commun convinc team need troubl shoot broken first place need reset,0,NEG
locat hive hotel rome fairli decent close transport link varieti restaur unfortun servic comfort provid hotel subpar room quit small bare provid enough room comfort moreov nois level quit disturb especi night staff less accommod sometim came across quit rude cleanli level anoth point dissatisfact overal would recommend,1,NEG
locat perfect right heart beij staff incred help friendli make stay enjoy atmospher relax invit great place travel internet connect bit unstabl room,1,POS
like room tidi well furnish everyth work rate good hotel somehow wrote review put name upset disappoint call edit leav review bewar locat book com map incorrectli show practic walk distanc airport actual locat well outsid airport check address book also check arriv could pay card said ye got said machin broken pay cash room good money though,0,NEG
nice staff clean room clean bed shower smell bad may need clean,0,POS
servic polit room outdat poorli maintain worn furnitur applianc cleanli also standard dust corner linger smell smoke even though non smoke room food hotel restaur mediocr best lack flavor varieti,1,NEG
good locat clean room small bathroom narrow get insid forc chang gerad room oom extra money,0,POS
comment satisfi,0,POS
central locat room small heat work properli hotel staff unrespons complaint,1,NEG
great locat hotel old room need renov air condit loud function properli servic could improv,1,NEG
locat good right citi center near subway station room cramp bed uncomfort make almost imposs get good night sleep also custom servic far satisfactori,1,NEG
central locat sightse purpos room outdat air condit effect wi fi patchi kept disconnect servic standard felt like staff attent respons need,1,NEG
hotel design fabul food exquisit staff go beyond make stay memor slight disappoint room dine option slightli limit want someth light eat even,1,POS
hotel locat undoubtedli stellar situat heart myeongdong offer easi access shop street varieti eateri sadli stay mar sever issu room notic small felt cramp hardli space luggag addit room amen quit outdat internet connect abysm slow make form onlin work entertain nearli imposs lastli staff gener courteou seem overwhelm number guest lead delay servic,1,NEG
locat close proxim numer shop mall hotel room bathroom much smaller led believ addit staff member exactli welcom particularli friendli room wall quit thin allow nois adjac room filter easili breakfast select could also improv diversifi,1,NEG
gem hotel room comfort clean locat perfect walk distanc mani bucharest main attract breakfast delici vari staff help friendli fantast experi around realli noth neg say hotel perhap minor issu wifi touch unreli time,1,POS
superb breakfast buffet wide choic dish suit nation shower leak need upgrad,0,POS
love locat hotel mani place eat shop within walk distanc save grace book suit famili bed bath size suit spaciou howev condit horrend taken pictur bedroom see exagger word room paint chip paint chip right next would lay also mani stain wall sure room also smelt strongli mold turn temperatur much keep cool look room match star hotel worth money spent,0,NEG
clean good valu money meet well intern standard lobbi may look bit messi,0,POS
locat quit good within walk distanc sever attract overal disappoint experi hotel cinnah sever lack custom servic staff member gener unhelp unrespons room clean particularli comfort bed hard air condit system loud made difficult sleep addit wi fi slow kept disconnect breakfast also quit poor limit choic,1,NEG
overal great locat perfect room kind small two bed full bed size front desk told us run free bottl water commonli provid larg hotel,0,POS
hive hotel superb locat friendli staff offer excel breakfast particularli taken tast decor room blend modern aesthet comfort wi fi bit unstabl time,1,POS
locat conveni staff gener friendli help room rel small mildli uncomfort suppos high speed internet speedi expect overal cleanli amen left lot desir moreov nois pollut surround area could get unbear time,1,NEG
locat berlin downtown next metro station bu tram stop wifi floor work prorp first stay complain day employe ignor repair request also g g recept bad insid room incommunic famili friend toilet flush broken room staff ignor mani repair request deni right switch room smell like avoid share room ac work hot summer day,0,NEG
locat nois street window sound proof,0,NEG
room small uncomfort furnish light room work constant irrit background nois staff seem unprofession help much ask assist hotel well locat walk quit distanc get place interest addit lack cleanli common area breakfast also disappoint limit option,1,NEG
excel hotel heart ankara room spaciou clean comfort bed staff friendli help highli recommend hotel work leisur wish vegetarian option menu,1,POS
former sheraton great locat much chang name great servic great servic start get littl date still quit nice,0,POS
hotel amaz locat realli good minut away subway minut dongdaemun room clean everyth need also water ice dispens hallway staff realli friendli kind ask extend stay twice help us everi time construct site right behind hotel littl noisi day apart realli find anyth neg hotel everyth perfect way beyond expect,0,POS
hotel good locat close lot eateri attract unfortun stay par firstli cleanli hotel question bed linen fresh bathroom area faint odor secondli call includ breakfast consist pre packag item match describ onlin lastli servic disappoint staff member proactiv handl complaint inquiri made stay quit uncomfort,1,NEG
hotel mimosa pari truli impress charm interior conveni locat room clean well organ boast charm parisian flair staff amiabl compet alway readi assist ad proxim popular place citi meant explor pari breez downsid minim room bit smaller side expect central pari,1,POS
hotel absolut stun excel servic amaz locat heart bucharest room beauti decor food outstand minor downsid hotel swim pool otherwis everyth perfect,1,POS
despit poor overal experi hotel central locat give easi access local attract stay hotel cinnah ankara mark cleanli issu unsatisfactori food qualiti breakfast buffet seriou lack proper custom servic,1,NEG
hotel minerv pari offer great valu consid wonder locat heart vibrant neighborhood easi access mani popular attract howev room bit small could use littl modern,1,POS
stellar locat except clean room courteou staff close remark sight rome still tuck away quieter street art collect add charm place breakfast could richer option especi long term stay,1,POS
proxim airport definit plu shuttl servic provid hotel frequent help room kept well spot sheet towel provid fray air condit work properli room felt stuffi servic restaur lack appeal disappoint choic food buffet,1,NEG
locat within citi soap bathroom clean hand soap hair deterg shower,0,NEG
room kitchen roof amaz free coffe machin live room kitchen air condition bedroom hot summer,0,POS
locat servic bad clean bad properti old,0,NEG
lobbi beauti design room extrem outdat uncomfort bed custom servic unrespons amen promis claim,1,NEG
hotel locat within walk distanc central market made shop experi breez overal stay hotel krishna delux rcg hotel expect room bathroom cleanli left much desir nois surround area could easili heard night hotel need improv servic staff seem indiffer welcom well room lack basic amen tea coffe maker includ accord book detail,1,NEG
wifi work well room strang smell,1,NEG
locat fantast bed comfort room made daili room tire dirti wall wall paper peel mould shower floor surround towel sheet littl old clean roof top bar close restaur also close privat function ok mani place eat area also made mistak look bed check leav anyth behind horrifi dirt rubbish underneath,0,NEG
love modern minimalist design room locat conveni sightse wall seem bit thin could hear nois hallway room,1,POS
locat great room clean locat great room clean furnitur old style,0,NEG
locat staff inexperienc unpleas shock enough one room small bed place three wall strongli recommend advertis replac pictur loyal actual space,0,NEG
blncti hotel modern sleek accommod heart berlin locat simpli perfect central close main attract staff extrem help friendli room overli spaciou clean modern well equip necess minor issu wall insul room perfect could hear nois adjac room major problem significantli impact stay,1,POS
room extrem clean old town bad smell come drain shower door close feel happen everi old town complaint hotel fyi drink bar delici bar front desk employe realli nice pester breakfast lau seem littl excess tri option close cheaper,0,POS
locat numa arc room apart perfect explor berlin moreov staff welcom room impecc clean,1,POS
access locat room condit poor staff accommod,1,NEG
locat noisi overal street nois loud nd floor group student hall late night,0,NEG
good locat centr construct work done next room lot nois room fulli clean dusti small room old tv,0,NEG
hotel central locat make easi explor citi room outdat bed uncomfort also lack commun staff,1,NEG
staff incred help welcom westin grand berlin room well appoint comfort locat hard beat breakfast vari delici wi fi bit slow sometim overcrowd lobbi,1,POS
bed small fit famili,0,NEG
modern hotel clean room coffe maker facil help friendli staff fantast buffet breakfast provid vast rang hot cold food great locat room bit small well design,1,POS
hotel locat heart rome could redeem factor manag well stay nh collect roma centro unfortun disappoint room condit appal mainten seemingli neglect bathroom clean standard air condit weak servic also left lot desir unfriendli unenthusiast staff member seemingli inattent guest need,1,NEG
beauti locat excel amen friendli staff,1,POS
staff friendli room clean upon arriv housekeep servic extrem poor inconsist bathroom amen replenish regularli nois level high make difficult get good night sleep locat far citi centr make inconveni sightse busi meet food hotel restaur sub par breakfast buffet lack varieti fresh wi fi connect slow unstabl make difficult work stay connect,1,NEG
central locat room servic poor left room without clean time,1,NEG
locat hotel conveni nearbi live facil transport hotel staff friendli attent room clean spaciou wifi connect room could stronger,1,POS
cozi comfort place home touch,1,POS
impress servic wonder locat clean spaciou room breakfast option could improv,1,POS
staff realli nice locat perfect shower place curtain water spill place,0,POS
hotel impecc clean well locat staff courteou attent traffic nois due proxim railway station overli troublesom,1,POS
noth signific worth rememb ask housekeep staff come room took hour given room overlook highway traffic nois told hotel fulli book peopl still check recept tell truth room need electr mainten switch function well,0,NEG
stuff understand will help arrive late night delay guy recept kind also ask tea outsid breakfast friend sore throat help us kind posit bit far center nonetheless taxi reach easili realli problem us,0,POS
room nice clean quiet self check code arriv small child code front door work work room though code get imposs contact anyon without romanian number access internet locat small street stray dog bark middl night small child big luggag traumat experi get eventu manag stop random car street borrow phone contact hotel luckili number could final get experi chill advic instal way ie buzz travel romanian phone subscript get touch especi arriv night make sure code actual work,0,NEG
bar roof nice disappoint room soundproof hotel claim could hear everyth next room water pressur shower low took forev get hot water breakfast could improv much varieti choos staff seem disinterest help much direct recommend wifi connect poor kept disconnect time hotel also quit far citi center main attract,1,NEG
great place,0,POS
locat conveni metro hotel overcrowd peopl attend confer dine room elev lobbi alway congest attende room wifi remark poor intermitt disconnect checkout process lengthi staff seem uninterest serv non confer guest room properli clean nois neighbor room disrupt say least,1,NEG
central locat good amen front desk staff seem disinterest help room poorli clean dust hair variou place nois bar downstair unbear night make difficult get good night sleep,1,NEG
room offer well equip food exquisit staff incred friendli full knowledg local area,1,POS
stay properti twice time come two option consid lodhi oberoi somehow last two experi knew could complet relax worri anyth go wrong complet taken care best hospit expect even time absolut stress free thank best servic properti provid mean team manag properti need take complet credit team handl breakfast incred team mr sanjay chintu alway made sure everyth need chef rememb need date start day mention first day next day got sent tabl chef also came make sure everyth also huge thank cake got sent room kick start birthday celebr needless say think gonna loyal guest everi time delhi without think twice properti,0,POS
excel locat help staff comfort room breakfast could improv,1,POS
absolut beauti hotel comfort luxuri room public area central locat madrid close citi attract bit expens avail option,1,POS
locat near airport fine,0,POS
locat perfect subway station right outsid hostel minut walk houhai bar street minut bike ride forbidden palac room spaciou clean staff help need tip visit space share bathroom stall shower limit lb could bare turn around shower floor weirdli grimi slipperi slip fell coupl time hurt knee,0,POS
hotel gener good locat room outdat clean staff respons concern,1,NEG
locat pestana cr gran v madrid central madrid unbeat room trendi well maintain comfort bed staff friendli alway readi assist price drink rooftop bar bit higher expect view made,1,POS
normal stay hotel close custom nice place outstand time warm welcom ferial front desc bit like come home,0,POS
absolut gem center rome locat alpi hotel conveni within walk distanc termini station icon colosseum room except clean comfort bed made stay delight one forget free breakfast good select bread pastri coffe properti slightli old refurbish hinder overal experi,1,POS
nice quiet hotel close citi center warm clean welcom staff sever cute cat good,0,POS
locat rel central room clean provid refriger safe room plu point staff front desk friendli effici check check room rather small wall thin make hard get good night sleep sinc hear neighbor chatter tv sound breakfast ident everi morn limit variat got bore soon addit hotel servic underwhelm staff unrespons request,1,NEG
hotel locat central conveni staff friendli rooftop bar amaz view also appreci thought design room none,1,POS
interest decor friendli help staff great breakfast valu money great locat noth,0,POS
conveni locat room small feel clean air condit unreli turn middl night make imposs sleep staff help difficult time understand speak english breakfast limit,1,NEG
group love saif place hotel staff friendli welcom place live quiet like servic provid guest highli recommend,0,POS
locat hotel central old town decor modern stylish room near elev noisi night furthermor tv room work although report front desk fix stay breakfast also lack choic qualiti,1,NEG
room kitchen conveni prepar homemad breakfast even dinner bu station outsid hotel bu take core visit spot dc bath shower comfort,0,POS
arriv earli afternoon left earli follow morn comfort layov two long flight andaz spaciou modern comfort well kept nice size room inner yard view larg tabl work great gym nice outdoor pool although hot dinner restaur delici gin bar small gem good place need good qualiti airport hotel excel shuttl servic hard find anyth neg short stay realli enjoy,0,POS
fantast place great atmospher staff bed realli stiff con sleep well,0,POS
hotel cinnah ankara impress comfort high standard servic room spaciou clean well maintain amen top notch staff attent went way make stay memor locat also big plu central within walk distanc shop restaur metro station,1,POS
state exterior lobbi room truli antiqu cleanli issu staff seem unconcern guest satisfact despit old world charm public space privat room stuck past era desper need updat servic lacklust slow even hotel full addit breakfast buffet uninspir repetit limit choic western palat,1,NEG
locat hotel good right heart madrid main issu excess nois room hotel poorli soundproof could hear everyth go hallway adjoin room privaci also room small bathroom clean good valu cost,1,NEG
arriv woman front desk ad without explan ran card ask increas said charg fee said charg fee object immedi went onto war foot loudli told shout shout told cancel reserv tri find someth els book com imposs meet colleagu soon anoth person came desk spoke apolog said new held incident refund checkout explain check paid upgrad week come go front desk woman never look eye much less apolog check recount stori guy desk dismiss bit hostil like put anoth privileg jerk whatev mischaracter appli cost room upgrad untru alreadi ad charg top staff know explain hotel polici rude custom object emit vibe like bare toler clientel unprofession piti decent hotel great locat told colleagu avoid,0,NEG
locat perfect internett work much nois room becoz renew could nt sleep tell person hotel nt tri solv problem,0,NEG
properti ideal situat easi access attract room spaciou clean comfort bed staff friendli help select breakfast could better,1,POS
ibi budget berlin potsdam platz highli conveni option citi trip berlin hotel stand featur locat walk distanc numer citi attract includ checkpoint charli brandenburg gate public transport also easili access room basic clean function remark quiet ampl rest sleep tax day sightse hotel staff profession accommod alway readi assist guid direct suggest downsid would breakfast enjoy vari much day day addit hot option would appreci also closet space amiss especi longer stay wifi though mostli steadi temporari lag,1,POS
hotel boast impress lobbi entranc histor natur build quit grand numer issu stay firstli hotel fail deliv level servic expect high rate charg housekeep servic poor room clean pm even miss coupl occas secondli staff accommod often felt like inconveni lastli food restaur quit subpar disappoint washington dc rich food cultur lack attent detail servic experi real miss beauti properti,1,NEG
great locat easi tro access public transport room clean well design limit option breakfast room servic,1,POS
conveni locat close shop district despit prime locat hotel room extrem outdat wifi almost non exist hotel staff cooper room servic tardi menu impress overal disappoint stay,1,NEG
great locat easi get around foot quick uber place close main attract didnt like nois air condit room switch incred noisey put tri sleep,0,POS
big clean room friendli staff good locat sightse noth,0,POS
hotel superb showcas modern hotel tradit set absolut ador roof top bar opportun watch beij citi light sip cocktail bed gener comfort precis made shop restaur nearbi hotel facil cuisin top notch singl room full citi view websit pictur show,1,POS
locat good unreli wi fi poor plumb bathroom caus water leakag spars breakfast offer,1,NEG
locat conveni central beij breakfast fine reason option room servic meal quit good reason price room realli date ugli poor qualiti grout throughout bathroom bathroom aw brown colour plug basin work ugli grout silicon everywher safe small hold laptop also glass realli ugli brown mark obscur view,0,NEG
yep clean kind,0,NEG
room impress staff help realli great time hotel disappoint made awar execut loung close known stay regularli stay east use amaz execut facil,0,NEG
well st neg experi review sinc start travel keep short matter good hotel room build serv stale breakfast mosquito drink water guest respons staff care much immedi feedback,0,NEG
hotel conveni locat near gare de lyon make travel around pari rel easi unfortun stay courtyard marriott pari gare de lyon less satisfactori firstli room temperatur uncomfort hot air condit system work properli throughout stay secondli found hotel custom servic inadequ complaint room particularli address promptli effici lastli despit hotel central locat nois level surprisingli high make difficult rest sleep,1,NEG
hotel nice locat conveni access major attract staff courteou profession room servic could bit faster realli big issu,1,POS
clean comfort rel spaciou room great valu money friendli help staff thank joy luca locat felt littl unsaf night,0,POS
hotel ideal situat heart ankara offer easi access citi must see destin room comfort clean breakfast great varieti choic staff friendli go way ensur guest everyth need downsid would traffic peak hour citi fault hotel bit nois nearbi room sometim heard,1,POS
hotel central locat near subway station hotel outdat need renov urgent custom servic subpar staff realli attent nois street made difficult get good night sleep addit wi fi connect unstabl,1,NEG
spaciou room profession staff comfort bed delici food peac environ hotel perfect none,1,POS
central locat within walk distanc opera room particularli clean encount dust grime variou spot servic underwhelm well consid price reput hotel quit disappoint overal,1,NEG
perfect locat great comfort room daili clean provid water coffe toilet soap close improv,0,POS
breakfast great first take deposit euro guest euro understand despit paid advanc book tri take money room without check inform us notic amount termin pay deposit deposit refund automat day seem like use money without pay usag room conveni stay coupl day,0,NEG
prime delhi friendli accommod staff fantast onsit restaur clean comfort room hotel proxim numer popular attract great bonu ambienc beauti much dislik hotel howev may find room servic bit expens,1,POS
help staff readi assist,0,POS
central locat new park hotel ankara could beaten proxim local attract transport ideal travel purpos provid option ventur citi unfortun hotel prime locat could make neg found stay new park hotel mar unclean room poor servic uncomfort bed wifi consist fail made difficult plan daili excurs addit breakfast buffet averag much varieti surround kept clean moreov staff seem indiffer complaint room servic made stay frustrat,1,NEG
warm hospit staff room soundproof disturb nois nearbi highway night,1,NEG
allow us realli earli check told check night cannot say short stay,0,POS
beacon hotel provid fantast stay locat perfect sightse staff alway friendli help room comfort clean fit center also bonu room coffe could improv bathroom could updat overal minor issu otherwis great stay,1,POS
locat stay hotel gangnam redeem qualiti nearbi sever restaur shop subway station disappoint stay stay hotel gangnam room small bed uncomfort bathroom need seriou refurbish staff seem uninterest lack help one usual expect hotel personnel hotel room technic clean felt run particularli well maintain furnish decor outdat room lack basic expect amen linger odor smoke throughout entir stay worsen experi extens issu recommend stay hotel gangnam anyon,1,NEG
mani stair room difficult luggag room full mosquito imposs sleep entranc neglect,0,NEG
excel locat heart citi housekeep servic poor replac toiletri room vacuum stay bit let price paid,1,NEG
staff serkan rk great help stay,0,POS
properti definit ye look quiet conveni comfort stay new delhi room adequ furnish clean well maintain staff exemplari term polit demeanor readi assist way possibl meal serv time manner food delici good varieti dish slight hiccup wifi connect inconsist time result inconveni especi busi relat task also locat quiet bit way tourist spot shop mall requir travel,1,POS
hamilton hotel washington dc splendid experi spaciou room pristin condit modern amen everyth top notch site dine gourmet qualiti staff friendli hospit close proxim landmark site interest anoth major advantag none delight stay,1,POS
well decor line overal brand locat comfort bed good lobbi coffe shop central walk distanc tourist metro area employe steal person properti electron taken serious manag despit credibl evid make wonder els manag allow,0,NEG
grand mercur hotel ankara total gem staff friendli hospit go way ensur stay comfort room clean spaciou luxuri touch qualiti bed modern decor buffet breakfast includ interest mix local intern cuisin locat superb close busi district major attract would certainli recommend hotel anyon travel ankara noth noteworthi littl bit varieti breakfast menu would cherri top,1,POS
cosi comfi modern hostel amaz terrac perfect locat stay twice,0,POS
locat f b staff realli need work recept housekeep staff focus forgein get extra tip,0,NEG
locat excel short walk old citi nightlif lot food nearbi well plenti market super quiet night strong ac hot strong shower solid wifi,0,POS
awe architectur histor aura still deliv modern amen hotel heart beij make conveni sightse staff except courteou accommod,1,POS
nice staff clean room good locker bedsid outlet good wifi sink bathroom weird,0,POS
staff recept speak english breakfast vari outdat room subpar food qualiti place badli need overhaul room clean found sever hair bathroom stain one towel pool area also clean wifi connect horribl bare abl load email unfortun recommend other issu address,1,NEG
locat inn hostel ankara quit good central locat lobbi welcom environ quit disappoint experi stay inn hostel room small maintain properli heat system work well lead uncomfort night addit staff seem unprofession lack prompt servic quit dishearten nois adjac street also disturb make difficult rest properli,1,NEG
hotel locat fantast close mani attract washington howev servic subpar say least staff often seem disorgan unprepar multipl issu book cleanli room left lot desir,1,NEG
